run_id,market,model,feature_set,seed,config_sha256,dataset_path,dataset_sha256,git_revision,python_version,platform,forecastle_version,torch_version,device_requested,status,started_at,completed_at,duration_seconds,artifact_dir,error_type,error
bist100__cnn1d__close__seed1,bist100,cnn1d,close,1,b378182ac11c9cce6489a7b9923e07a0051e0f4b241884702b91b6e230b05162,data/raw/bist100.csv,73bebf639bf279a1d795e70709709369f3cb6951b64b976067c12a77b76d2aa9,fd51a670a9a400310af368f6f4907399272b6d50,3.12.13,Linux-6.12.90+-x86_64-with-glibc2.35,0.1.0,2.12.1+cu130,auto,completed,2026-07-14T21:05:05.241942+00:00,2026-07-14T21:07:19.223846+00:00,133.97230625599877,outputs/batches/markets_indicators_recursive_h20/runs/bist100__cnn1d__close__seed1/artifacts/20260714_210505,,
bist100__cnn1d__close__seed123,bist100,cnn1d,close,123,63e7c8926a5ee9e9341b71990e97ecded9bfb0c6f20be4dbb83cf41ff6e9eb46,data/raw/bist100.csv,73bebf639bf279a1d795e70709709369f3cb6951b64b976067c12a77b76d2aa9,fd51a670a9a400310af368f6f4907399272b6d50,3.12.13,Linux-6.12.90+-x86_64-with-glibc2.35,0.1.0,2.12.1+cu130,auto,completed,2026-07-14T21:12:17.029970+00:00,2026-07-14T21:14:42.464739+00:00,145.42839373700008,outputs/batches/markets_indicators_recursive_h20/runs/bist100__cnn1d__close__seed123/artifacts/20260714_211217,,
bist100__cnn1d__close__seed2026,bist100,cnn1d,close,2026,3f9361e8a9100e0e6a3cfc44ad76d250b662eb8342d5bff3a61870f937241f0f,data/raw/bist100.csv,73bebf639bf279a1d795e70709709369f3cb6951b64b976067c12a77b76d2aa9,fd51a670a9a400310af368f6f4907399272b6d50,3.12.13,Linux-6.12.90+-x86_64-with-glibc2.35,0.1.0,2.12.1+cu130,auto,completed,2026-07-14T21:14:42.468477+00:00,2026-07-14T21:17:05.763864+00:00,143.28890922699975,outputs/batches/markets_indicators_recursive_h20/runs/bist100__cnn1d__close__seed2026/artifacts/20260714_211442,,
bist100__cnn1d__close__seed42,bist100,cnn1d,close,42,868d3fe55efed4844197642060e874262076d69b17e23021cf19f6b6a08ee887,data/raw/bist100.csv,73bebf639bf279a1d795e70709709369f3cb6951b64b976067c12a77b76d2aa9,fd51a670a9a400310af368f6f4907399272b6d50,3.12.13,Linux-6.12.90+-x86_64-with-glibc2.35,0.1.0,2.12.1+cu130,auto,completed,2026-07-14T21:09:51.293931+00:00,2026-07-14T21:12:17.026784+00:00,145.72619469500023,outputs/batches/markets_indicators_recursive_h20/runs/bist100__cnn1d__close__seed42/artifacts/20260714_210951,,
bist100__cnn1d__close__seed7,bist100,cnn1d,close,7,ed3528fa84497fcf1c6b5b81c0e21ea3466d5a3b5336260645513178dadc8c06,data/raw/bist100.csv,73bebf639bf279a1d795e70709709369f3cb6951b64b976067c12a77b76d2aa9,fd51a670a9a400310af368f6f4907399272b6d50,3.12.13,Linux-6.12.90+-x86_64-with-glibc2.35,0.1.0,2.12.1+cu130,auto,completed,2026-07-14T21:07:19.227327+00:00,2026-07-14T21:09:51.290674+00:00,152.0569614369997,outputs/batches/markets_indicators_recursive_h20/runs/bist100__cnn1d__close__seed7/artifacts/20260714_210719,,
bist100__cnn1d__indicators__seed1,bist100,cnn1d,indicators,1,4e38fe550c926ced8345edd57103f890dce7b648fb1e889e09c707b08c45e0ba,data/raw/bist100.csv,73bebf639bf279a1d795e70709709369f3cb6951b64b976067c12a77b76d2aa9,fd51a670a9a400310af368f6f4907399272b6d50,3.12.13,Linux-6.12.90+-x86_64-with-glibc2.35,0.1.0,2.12.1+cu130,auto,completed,2026-07-14T21:17:05.767182+00:00,2026-07-14T21:19:38.006553+00:00,152.23311018999993,outputs/batches/markets_indicators_recursive_h20/runs/bist100__cnn1d__indicators__seed1/artifacts/20260714_211705,,
bist100__cnn1d__indicators__seed123,bist100,cnn1d,indicators,123,44e9f6f811b0a7e056b2eb42f37177ab297f924698a96adcce8cec9d4461fff3,data/raw/bist100.csv,73bebf639bf279a1d795e70709709369f3cb6951b64b976067c12a77b76d2aa9,fd51a670a9a400310af368f6f4907399272b6d50,3.12.13,Linux-6.12.90+-x86_64-with-glibc2.35,0.1.0,2.12.1+cu130,auto,completed,2026-07-14T21:24:37.103475+00:00,2026-07-14T21:27:06.433642+00:00,149.3237149009983,outputs/batches/markets_indicators_recursive_h20/runs/bist100__cnn1d__indicators__seed123/artifacts/20260714_212437,,
bist100__cnn1d__indicators__seed2026,bist100,cnn1d,indicators,2026,852b186ba7d716e9a69892b09c2206ee3f98a67355eb95dec0c89323509ed225,data/raw/bist100.csv,73bebf639bf279a1d795e70709709369f3cb6951b64b976067c12a77b76d2aa9,fd51a670a9a400310af368f6f4907399272b6d50,3.12.13,Linux-6.12.90+-x86_64-with-glibc2.35,0.1.0,2.12.1+cu130,auto,completed,2026-07-14T21:27:06.437310+00:00,2026-07-14T21:29:40.647577+00:00,154.2037319329993,outputs/batches/markets_indicators_recursive_h20/runs/bist100__cnn1d__indicators__seed2026/artifacts/20260714_212706,,
bist100__cnn1d__indicators__seed42,bist100,cnn1d,indicators,42,b21a2bfa5bdb68413efdfb9c9fec292e334883eaee234015da195edd6f868fe0,data/raw/bist100.csv,73bebf639bf279a1d795e70709709369f3cb6951b64b976067c12a77b76d2aa9,fd51a670a9a400310af368f6f4907399272b6d50,3.12.13,Linux-6.12.90+-x86_64-with-glibc2.35,0.1.0,2.12.1+cu130,auto,completed,2026-07-14T21:22:09.028986+00:00,2026-07-14T21:24:37.093944+00:00,148.05822289799835,outputs/batches/markets_indicators_recursive_h20/runs/bist100__cnn1d__indicators__seed42/artifacts/20260714_212209,,
bist100__cnn1d__indicators__seed7,bist100,cnn1d,indicators,7,0e034b28f971af4ca50482e3e7d2cf171b95f3938465468a0d25db36a55f55dc,data/raw/bist100.csv,73bebf639bf279a1d795e70709709369f3cb6951b64b976067c12a77b76d2aa9,fd51a670a9a400310af368f6f4907399272b6d50,3.12.13,Linux-6.12.90+-x86_64-with-glibc2.35,0.1.0,2.12.1+cu130,auto,completed,2026-07-14T21:19:38.009950+00:00,2026-07-14T21:22:09.025512+00:00,151.00911068599999,outputs/batches/markets_indicators_recursive_h20/runs/bist100__cnn1d__indicators__seed7/artifacts/20260714_211938,,
bist100__dnfs__close__seed1,bist100,dnfs,close,1,84c4e90bd0759527027c35ab4b22dbc3e6f33edc89b2aa31c2486e6be6608a84,data/raw/bist100.csv,73bebf639bf279a1d795e70709709369f3cb6951b64b976067c12a77b76d2aa9,fd51a670a9a400310af368f6f4907399272b6d50,3.12.13,Linux-6.12.90+-x86_64-with-glibc2.35,0.1.0,2.12.1+cu130,auto,completed,2026-07-14T22:31:14.583128+00:00,2026-07-14T22:33:39.571409+00:00,144.9814071940018,outputs/batches/markets_indicators_recursive_h20/runs/bist100__dnfs__close__seed1/artifacts/20260714_223114,,
bist100__dnfs__close__seed123,bist100,dnfs,close,123,2a3082e65cfb4c7e2f2873f1276b73949b0ebbdc596fadb7e908cc71f4ff9268,data/raw/bist100.csv,73bebf639bf279a1d795e70709709369f3cb6951b64b976067c12a77b76d2aa9,fd51a670a9a400310af368f6f4907399272b6d50,3.12.13,Linux-6.12.90+-x86_64-with-glibc2.35,0.1.0,2.12.1+cu130,auto,completed,2026-07-14T22:38:05.930648+00:00,2026-07-14T22:40:12.993404+00:00,127.05633851300081,outputs/batches/markets_indicators_recursive_h20/runs/bist100__dnfs__close__seed123/artifacts/20260714_223805,,
bist100__dnfs__close__seed2026,bist100,dnfs,close,2026,730546cf212a0fd3930aed05bae6bbed4ac45b3321d70394d5a91d8342ea53d9,data/raw/bist100.csv,73bebf639bf279a1d795e70709709369f3cb6951b64b976067c12a77b76d2aa9,fd51a670a9a400310af368f6f4907399272b6d50,3.12.13,Linux-6.12.90+-x86_64-with-glibc2.35,0.1.0,2.12.1+cu130,auto,completed,2026-07-14T22:40:12.997065+00:00,2026-07-14T22:42:19.251927+00:00,126.24822748099905,outputs/batches/markets_indicators_recursive_h20/runs/bist100__dnfs__close__seed2026/artifacts/20260714_224013,,
bist100__dnfs__close__seed42,bist100,dnfs,close,42,1c484c0259f546711941adc6fad6a7e3cee62d5a48d98b33e85d35ee7cdccfa3,data/raw/bist100.csv,73bebf639bf279a1d795e70709709369f3cb6951b64b976067c12a77b76d2aa9,fd51a670a9a400310af368f6f4907399272b6d50,3.12.13,Linux-6.12.90+-x86_64-with-glibc2.35,0.1.0,2.12.1+cu130,auto,completed,2026-07-14T22:35:55.446707+00:00,2026-07-14T22:38:05.927428+00:00,130.4742640589975,outputs/batches/markets_indicators_recursive_h20/runs/bist100__dnfs__close__seed42/artifacts/20260714_223555,,
bist100__dnfs__close__seed7,bist100,dnfs,close,7,ff2fd5ccab878ce8b70a6e8881f420d99035c77d4874a12ace7a7f032a0ca4e8,data/raw/bist100.csv,73bebf639bf279a1d795e70709709369f3cb6951b64b976067c12a77b76d2aa9,fd51a670a9a400310af368f6f4907399272b6d50,3.12.13,Linux-6.12.90+-x86_64-with-glibc2.35,0.1.0,2.12.1+cu130,auto,completed,2026-07-14T22:33:39.574788+00:00,2026-07-14T22:35:55.431871+00:00,135.84970367999995,outputs/batches/markets_indicators_recursive_h20/runs/bist100__dnfs__close__seed7/artifacts/20260714_223339,,
bist100__dnfs__indicators__seed1,bist100,dnfs,indicators,1,c1748f16df835fd5021d8410651dcdd282b567a35af64c8a7bd70ab424cf7a47,data/raw/bist100.csv,73bebf639bf279a1d795e70709709369f3cb6951b64b976067c12a77b76d2aa9,fd51a670a9a400310af368f6f4907399272b6d50,3.12.13,Linux-6.12.90+-x86_64-with-glibc2.35,0.1.0,2.12.1+cu130,auto,failed,2026-07-14T22:42:19.254987+00:00,2026-07-14T22:43:46.778676+00:00,87.5173095320024,,ValueError,Recursive feature history is too short or contains non-finite indicator values.
bist100__dnfs__indicators__seed123,bist100,dnfs,indicators,123,9ec4c0f8726fe45ceb3a44679baabf5de61ef6e0cb361f5cf4592a8130e4da88,data/raw/bist100.csv,73bebf639bf279a1d795e70709709369f3cb6951b64b976067c12a77b76d2aa9,fd51a670a9a400310af368f6f4907399272b6d50,3.12.13,Linux-6.12.90+-x86_64-with-glibc2.35,0.1.0,2.12.1+cu130,auto,failed,2026-07-14T22:46:06.575067+00:00,2026-07-14T22:46:51.165531+00:00,44.58391562700126,,ValueError,Recursive feature history is too short or contains non-finite indicator values.
bist100__dnfs__indicators__seed2026,bist100,dnfs,indicators,2026,4649e549a549b7f4e56bf2081b47be37c66e296f2b8d68b0946a0518ce2d6e38,data/raw/bist100.csv,73bebf639bf279a1d795e70709709369f3cb6951b64b976067c12a77b76d2aa9,fd51a670a9a400310af368f6f4907399272b6d50,3.12.13,Linux-6.12.90+-x86_64-with-glibc2.35,0.1.0,2.12.1+cu130,auto,failed,2026-07-14T22:46:51.169303+00:00,2026-07-14T22:47:51.298130+00:00,60.122629412002425,,ValueError,Recursive feature history is too short or contains non-finite indicator values.
bist100__dnfs__indicators__seed42,bist100,dnfs,indicators,42,1ac7ddcfd6f56b0df4383c1d212bfc083f30aaa5cd5a4bfee669843de91bc8d1,data/raw/bist100.csv,73bebf639bf279a1d795e70709709369f3cb6951b64b976067c12a77b76d2aa9,fd51a670a9a400310af368f6f4907399272b6d50,3.12.13,Linux-6.12.90+-x86_64-with-glibc2.35,0.1.0,2.12.1+cu130,auto,failed,2026-07-14T22:44:47.906622+00:00,2026-07-14T22:46:06.570835+00:00,78.65791343700039,,ValueError,Recursive feature history is too short or contains non-finite indicator values.
bist100__dnfs__indicators__seed7,bist100,dnfs,indicators,7,00583d4e4d551edc95ff5aef3f9ee1f3adcf2bacc0c1665f29c162dcc946ab69,data/raw/bist100.csv,73bebf639bf279a1d795e70709709369f3cb6951b64b976067c12a77b76d2aa9,fd51a670a9a400310af368f6f4907399272b6d50,3.12.13,Linux-6.12.90+-x86_64-with-glibc2.35,0.1.0,2.12.1+cu130,auto,failed,2026-07-14T22:43:46.787984+00:00,2026-07-14T22:44:47.902632+00:00,61.10856502599927,,ValueError,Recursive feature history is too short or contains non-finite indicator values.
bist100__linear_regression__close__seed1,bist100,linear_regression,close,1,6d5040609b9332fcceffd252ccf774a673a5a5b9fe830e577543f9b73da23557,data/raw/bist100.csv,73bebf639bf279a1d795e70709709369f3cb6951b64b976067c12a77b76d2aa9,fd51a670a9a400310af368f6f4907399272b6d50,3.12.13,Linux-6.12.90+-x86_64-with-glibc2.35,0.1.0,2.12.1+cu130,auto,completed,2026-07-14T16:48:40.343792+00:00,2026-07-14T16:48:46.525835+00:00,6.175710514000002,outputs/batches/markets_indicators_recursive_h20/runs/bist100__linear_regression__close__seed1/artifacts/20260714_164840,,
bist100__linear_regression__close__seed123,bist100,linear_regression,close,123,93fd14f9abe29151c73c97fcdaa6f2b6f2e177b520cff1ac79f5bd34d686d73c,data/raw/bist100.csv,73bebf639bf279a1d795e70709709369f3cb6951b64b976067c12a77b76d2aa9,fd51a670a9a400310af368f6f4907399272b6d50,3.12.13,Linux-6.12.90+-x86_64-with-glibc2.35,0.1.0,2.12.1+cu130,auto,completed,2026-07-14T16:48:58.598450+00:00,2026-07-14T16:49:04.494379+00:00,5.889578322000034,outputs/batches/markets_indicators_recursive_h20/runs/bist100__linear_regression__close__seed123/artifacts/20260714_164858,,
bist100__linear_regression__close__seed2026,bist100,linear_regression,close,2026,baf5a6649454c28ab2d1e5f529c62ad5bba1223f7e865a88a4102d6f0a38b107,data/raw/bist100.csv,73bebf639bf279a1d795e70709709369f3cb6951b64b976067c12a77b76d2aa9,fd51a670a9a400310af368f6f4907399272b6d50,3.12.13,Linux-6.12.90+-x86_64-with-glibc2.35,0.1.0,2.12.1+cu130,auto,completed,2026-07-14T16:49:04.495972+00:00,2026-07-14T16:49:10.572902+00:00,6.070799569999963,outputs/batches/markets_indicators_recursive_h20/runs/bist100__linear_regression__close__seed2026/artifacts/20260714_164904,,
bist100__linear_regression__close__seed42,bist100,linear_regression,close,42,6ec453d450adbd10866665746957745f73c5110a25867feebdad3258a1866b1e,data/raw/bist100.csv,73bebf639bf279a1d795e70709709369f3cb6951b64b976067c12a77b76d2aa9,fd51a670a9a400310af368f6f4907399272b6d50,3.12.13,Linux-6.12.90+-x86_64-with-glibc2.35,0.1.0,2.12.1+cu130,auto,completed,2026-07-14T16:48:52.434109+00:00,2026-07-14T16:48:58.596774+00:00,6.155809888000022,outputs/batches/markets_indicators_recursive_h20/runs/bist100__linear_regression__close__seed42/artifacts/20260714_164852,,
bist100__linear_regression__close__seed7,bist100,linear_regression,close,7,c457d43e798ace11bd0a896456a1d23d5aa7fd3969e35795f2b18a2118ccf26d,data/raw/bist100.csv,73bebf639bf279a1d795e70709709369f3cb6951b64b976067c12a77b76d2aa9,fd51a670a9a400310af368f6f4907399272b6d50,3.12.13,Linux-6.12.90+-x86_64-with-glibc2.35,0.1.0,2.12.1+cu130,auto,completed,2026-07-14T16:48:46.527458+00:00,2026-07-14T16:48:52.432458+00:00,5.898451731000023,outputs/batches/markets_indicators_recursive_h20/runs/bist100__linear_regression__close__seed7/artifacts/20260714_164846,,
bist100__linear_regression__indicators__seed1,bist100,linear_regression,indicators,1,c2fdd77d1f6069c47e084989993ff7b8ec2cf77e37b7e8e943ce4e9a81df5d1f,data/raw/bist100.csv,73bebf639bf279a1d795e70709709369f3cb6951b64b976067c12a77b76d2aa9,fd51a670a9a400310af368f6f4907399272b6d50,3.12.13,Linux-6.12.90+-x86_64-with-glibc2.35,0.1.0,2.12.1+cu130,auto,failed,2026-07-14T21:04:02.673855+00:00,2026-07-14T21:04:15.129343+00:00,12.442101841999829,,ValueError,Recursive feature history is too short or contains non-finite indicator values.
bist100__linear_regression__indicators__seed123,bist100,linear_regression,indicators,123,da3c552d0d9500eb81457d6d4f595a65a98212fde901f6ff9ab220fcab3df882,data/raw/bist100.csv,73bebf639bf279a1d795e70709709369f3cb6951b64b976067c12a77b76d2aa9,fd51a670a9a400310af368f6f4907399272b6d50,3.12.13,Linux-6.12.90+-x86_64-with-glibc2.35,0.1.0,2.12.1+cu130,auto,failed,2026-07-14T21:04:39.662112+00:00,2026-07-14T21:04:52.628901+00:00,12.958145090999096,,ValueError,Recursive feature history is too short or contains non-finite indicator values.
bist100__linear_regression__indicators__seed2026,bist100,linear_regression,indicators,2026,5c0a0f017b10b0f54be3b12caf303206ea8983e7b9a839636590d18bfb9a8b15,data/raw/bist100.csv,73bebf639bf279a1d795e70709709369f3cb6951b64b976067c12a77b76d2aa9,fd51a670a9a400310af368f6f4907399272b6d50,3.12.13,Linux-6.12.90+-x86_64-with-glibc2.35,0.1.0,2.12.1+cu130,auto,failed,2026-07-14T21:04:52.636771+00:00,2026-07-14T21:05:05.234155+00:00,12.587342027998602,,ValueError,Recursive feature history is too short or contains non-finite indicator values.
bist100__linear_regression__indicators__seed42,bist100,linear_regression,indicators,42,0c9ce65cc26864e37f80144819da5a0cf8b7817e99ecb9705f1a6c896458a805,data/raw/bist100.csv,73bebf639bf279a1d795e70709709369f3cb6951b64b976067c12a77b76d2aa9,fd51a670a9a400310af368f6f4907399272b6d50,3.12.13,Linux-6.12.90+-x86_64-with-glibc2.35,0.1.0,2.12.1+cu130,auto,failed,2026-07-14T21:04:27.287954+00:00,2026-07-14T21:04:39.653676+00:00,12.356982287999926,,ValueError,Recursive feature history is too short or contains non-finite indicator values.
bist100__linear_regression__indicators__seed7,bist100,linear_regression,indicators,7,c84339c0e82414d194b220eccb4554890a944e921f329602bb9e6cfc695fe6b5,data/raw/bist100.csv,73bebf639bf279a1d795e70709709369f3cb6951b64b976067c12a77b76d2aa9,fd51a670a9a400310af368f6f4907399272b6d50,3.12.13,Linux-6.12.90+-x86_64-with-glibc2.35,0.1.0,2.12.1+cu130,auto,failed,2026-07-14T21:04:15.136403+00:00,2026-07-14T21:04:27.280659+00:00,12.135054458000013,,ValueError,Recursive feature history is too short or contains non-finite indicator values.
bist100__lstm_gru__close__seed1,bist100,lstm_gru,close,1,d54d4ad3a5a321fd53724c9143837e6fbe2bce51b56168ba6092d52a9088bc0c,data/raw/bist100.csv,73bebf639bf279a1d795e70709709369f3cb6951b64b976067c12a77b76d2aa9,fd51a670a9a400310af368f6f4907399272b6d50,3.12.13,Linux-6.12.90+-x86_64-with-glibc2.35,0.1.0,2.12.1+cu130,auto,completed,2026-07-14T21:57:10.894270+00:00,2026-07-14T22:00:30.090128+00:00,199.18935272499948,outputs/batches/markets_indicators_recursive_h20/runs/bist100__lstm_gru__close__seed1/artifacts/20260714_215710,,
bist100__lstm_gru__close__seed123,bist100,lstm_gru,close,123,a23d0951e186ef0650d20da73f7b3f15019d19efc3b19d977c61dea684bb1e54,data/raw/bist100.csv,73bebf639bf279a1d795e70709709369f3cb6951b64b976067c12a77b76d2aa9,fd51a670a9a400310af368f6f4907399272b6d50,3.12.13,Linux-6.12.90+-x86_64-with-glibc2.35,0.1.0,2.12.1+cu130,auto,completed,2026-07-14T22:06:55.224964+00:00,2026-07-14T22:10:11.846189+00:00,196.61498501000096,outputs/batches/markets_indicators_recursive_h20/runs/bist100__lstm_gru__close__seed123/artifacts/20260714_220655,,
bist100__lstm_gru__close__seed2026,bist100,lstm_gru,close,2026,359bad73e0fccbc7e06a28a4d16d47d303e1568f60330007840eea98372be854,data/raw/bist100.csv,73bebf639bf279a1d795e70709709369f3cb6951b64b976067c12a77b76d2aa9,fd51a670a9a400310af368f6f4907399272b6d50,3.12.13,Linux-6.12.90+-x86_64-with-glibc2.35,0.1.0,2.12.1+cu130,auto,completed,2026-07-14T22:10:11.849429+00:00,2026-07-14T22:13:32.714242+00:00,200.85805333999815,outputs/batches/markets_indicators_recursive_h20/runs/bist100__lstm_gru__close__seed2026/artifacts/20260714_221011,,
bist100__lstm_gru__close__seed42,bist100,lstm_gru,close,42,0354683f45a000efcfc06e356fade87185d0dd0aac2a088b2b26ad4ea1bb0250,data/raw/bist100.csv,73bebf639bf279a1d795e70709709369f3cb6951b64b976067c12a77b76d2aa9,fd51a670a9a400310af368f6f4907399272b6d50,3.12.13,Linux-6.12.90+-x86_64-with-glibc2.35,0.1.0,2.12.1+cu130,auto,completed,2026-07-14T22:03:38.983521+00:00,2026-07-14T22:06:55.221416+00:00,196.23130057099843,outputs/batches/markets_indicators_recursive_h20/runs/bist100__lstm_gru__close__seed42/artifacts/20260714_220339,,
bist100__lstm_gru__close__seed7,bist100,lstm_gru,close,7,7a8eb43b418fb119c970a05f0c65fcaaabe892859675bb2a45d32d4db4f7c00e,data/raw/bist100.csv,73bebf639bf279a1d795e70709709369f3cb6951b64b976067c12a77b76d2aa9,fd51a670a9a400310af368f6f4907399272b6d50,3.12.13,Linux-6.12.90+-x86_64-with-glibc2.35,0.1.0,2.12.1+cu130,auto,completed,2026-07-14T22:00:30.094288+00:00,2026-07-14T22:03:38.979781+00:00,188.87892916899727,outputs/batches/markets_indicators_recursive_h20/runs/bist100__lstm_gru__close__seed7/artifacts/20260714_220030,,
bist100__lstm_gru__indicators__seed1,bist100,lstm_gru,indicators,1,7f59ebeffebc74a38d7114abaa6b5003c56bff11eb09171ee0da849b6b87850c,data/raw/bist100.csv,73bebf639bf279a1d795e70709709369f3cb6951b64b976067c12a77b76d2aa9,fd51a670a9a400310af368f6f4907399272b6d50,3.12.13,Linux-6.12.90+-x86_64-with-glibc2.35,0.1.0,2.12.1+cu130,auto,completed,2026-07-14T22:13:32.717827+00:00,2026-07-14T22:17:12.006085+00:00,219.2818428440005,outputs/batches/markets_indicators_recursive_h20/runs/bist100__lstm_gru__indicators__seed1/artifacts/20260714_221332,,
bist100__lstm_gru__indicators__seed123,bist100,lstm_gru,indicators,123,59c524869fea15a01e8df54b27d44e01250fa7c25f881c22492d16c70e5d07f0,data/raw/bist100.csv,73bebf639bf279a1d795e70709709369f3cb6951b64b976067c12a77b76d2aa9,fd51a670a9a400310af368f6f4907399272b6d50,3.12.13,Linux-6.12.90+-x86_64-with-glibc2.35,0.1.0,2.12.1+cu130,auto,completed,2026-07-14T22:23:59.995039+00:00,2026-07-14T22:27:16.868898+00:00,196.86708603399893,outputs/batches/markets_indicators_recursive_h20/runs/bist100__lstm_gru__indicators__seed123/artifacts/20260714_222400,,
bist100__lstm_gru__indicators__seed2026,bist100,lstm_gru,indicators,2026,f914851371732e1d02f4c2ecbd05e69bd4743c11efe9f3169125061657c243a9,data/raw/bist100.csv,73bebf639bf279a1d795e70709709369f3cb6951b64b976067c12a77b76d2aa9,fd51a670a9a400310af368f6f4907399272b6d50,3.12.13,Linux-6.12.90+-x86_64-with-glibc2.35,0.1.0,2.12.1+cu130,auto,completed,2026-07-14T22:27:16.872074+00:00,2026-07-14T22:31:14.579809+00:00,237.70137867300218,outputs/batches/markets_indicators_recursive_h20/runs/bist100__lstm_gru__indicators__seed2026/artifacts/20260714_222716,,
bist100__lstm_gru__indicators__seed42,bist100,lstm_gru,indicators,42,ac4d5353edc92eb108d580fefc61185a02cbda067fd99b85bf1e7d4fe0315cb5,data/raw/bist100.csv,73bebf639bf279a1d795e70709709369f3cb6951b64b976067c12a77b76d2aa9,fd51a670a9a400310af368f6f4907399272b6d50,3.12.13,Linux-6.12.90+-x86_64-with-glibc2.35,0.1.0,2.12.1+cu130,auto,completed,2026-07-14T22:20:40.021334+00:00,2026-07-14T22:23:59.991790+00:00,199.96406667299743,outputs/batches/markets_indicators_recursive_h20/runs/bist100__lstm_gru__indicators__seed42/artifacts/20260714_222040,,
bist100__lstm_gru__indicators__seed7,bist100,lstm_gru,indicators,7,a8f92a252a8f0046468e5914976ef2a34b5aac7d526e98287aaad08ad88bb629,data/raw/bist100.csv,73bebf639bf279a1d795e70709709369f3cb6951b64b976067c12a77b76d2aa9,fd51a670a9a400310af368f6f4907399272b6d50,3.12.13,Linux-6.12.90+-x86_64-with-glibc2.35,0.1.0,2.12.1+cu130,auto,completed,2026-07-14T22:17:12.009248+00:00,2026-07-14T22:20:40.017138+00:00,208.00150646800103,outputs/batches/markets_indicators_recursive_h20/runs/bist100__lstm_gru__indicators__seed7/artifacts/20260714_221712,,
bist100__mlp__close__seed1,bist100,mlp,close,1,b573799374f4d4d507c221de44742f18eecfc93d5321458627b47f7e070a133e,data/raw/bist100.csv,73bebf639bf279a1d795e70709709369f3cb6951b64b976067c12a77b76d2aa9,fd51a670a9a400310af368f6f4907399272b6d50,3.12.13,Linux-6.12.90+-x86_64-with-glibc2.35,0.1.0,2.12.1+cu130,auto,completed,2026-07-14T21:29:40.650903+00:00,2026-07-14T21:32:10.567511+00:00,149.90986377899935,outputs/batches/markets_indicators_recursive_h20/runs/bist100__mlp__close__seed1/artifacts/20260714_212940,,
bist100__mlp__close__seed123,bist100,mlp,close,123,3484ca98dd4c42ce7ce45f46a8a6de0744361fc7c301c1ed3dccacd5cced077f,data/raw/bist100.csv,73bebf639bf279a1d795e70709709369f3cb6951b64b976067c12a77b76d2aa9,fd51a670a9a400310af368f6f4907399272b6d50,3.12.13,Linux-6.12.90+-x86_64-with-glibc2.35,0.1.0,2.12.1+cu130,auto,completed,2026-07-14T21:36:56.555782+00:00,2026-07-14T21:39:27.516956+00:00,150.9547347429998,outputs/batches/markets_indicators_recursive_h20/runs/bist100__mlp__close__seed123/artifacts/20260714_213656,,
bist100__mlp__close__seed2026,bist100,mlp,close,2026,3924dac72ccb9bb9888f6634f2f122ba6eae1c7aa7200523886ebf9a267ec865,data/raw/bist100.csv,73bebf639bf279a1d795e70709709369f3cb6951b64b976067c12a77b76d2aa9,fd51a670a9a400310af368f6f4907399272b6d50,3.12.13,Linux-6.12.90+-x86_64-with-glibc2.35,0.1.0,2.12.1+cu130,auto,completed,2026-07-14T21:39:27.519952+00:00,2026-07-14T21:41:51.421185+00:00,143.89500861300075,outputs/batches/markets_indicators_recursive_h20/runs/bist100__mlp__close__seed2026/artifacts/20260714_213927,,
bist100__mlp__close__seed42,bist100,mlp,close,42,a6e7fee8e9155b34cc7cbfce252ccc1b17d8099c2d91241bb236f709f86e0cec,data/raw/bist100.csv,73bebf639bf279a1d795e70709709369f3cb6951b64b976067c12a77b76d2aa9,fd51a670a9a400310af368f6f4907399272b6d50,3.12.13,Linux-6.12.90+-x86_64-with-glibc2.35,0.1.0,2.12.1+cu130,auto,completed,2026-07-14T21:34:40.992180+00:00,2026-07-14T21:36:56.552268+00:00,135.55389622999974,outputs/batches/markets_indicators_recursive_h20/runs/bist100__mlp__close__seed42/artifacts/20260714_213441,,
bist100__mlp__close__seed7,bist100,mlp,close,7,501db1aa310e3115b035e93b1fd5cdbb565620f161e2cf832c3c6f1132ff932e,data/raw/bist100.csv,73bebf639bf279a1d795e70709709369f3cb6951b64b976067c12a77b76d2aa9,fd51a670a9a400310af368f6f4907399272b6d50,3.12.13,Linux-6.12.90+-x86_64-with-glibc2.35,0.1.0,2.12.1+cu130,auto,completed,2026-07-14T21:32:10.571189+00:00,2026-07-14T21:34:40.988816+00:00,150.4109570620003,outputs/batches/markets_indicators_recursive_h20/runs/bist100__mlp__close__seed7/artifacts/20260714_213210,,
bist100__mlp__indicators__seed1,bist100,mlp,indicators,1,968689a29037fdf5d4fa3b1542ed4729bd663d347c370ace6b54ac6b1ea0c586,data/raw/bist100.csv,73bebf639bf279a1d795e70709709369f3cb6951b64b976067c12a77b76d2aa9,fd51a670a9a400310af368f6f4907399272b6d50,3.12.13,Linux-6.12.90+-x86_64-with-glibc2.35,0.1.0,2.12.1+cu130,auto,completed,2026-07-14T21:41:51.424307+00:00,2026-07-14T21:44:47.534198+00:00,176.10342044699973,outputs/batches/markets_indicators_recursive_h20/runs/bist100__mlp__indicators__seed1/artifacts/20260714_214151,,
bist100__mlp__indicators__seed123,bist100,mlp,indicators,123,82207cce91864289a4a8959cafbfc49ab269c6ef848cc5de404a09795414cb94,data/raw/bist100.csv,73bebf639bf279a1d795e70709709369f3cb6951b64b976067c12a77b76d2aa9,fd51a670a9a400310af368f6f4907399272b6d50,3.12.13,Linux-6.12.90+-x86_64-with-glibc2.35,0.1.0,2.12.1+cu130,auto,completed,2026-07-14T21:50:51.332272+00:00,2026-07-14T21:54:05.520666+00:00,194.18212977300027,outputs/batches/markets_indicators_recursive_h20/runs/bist100__mlp__indicators__seed123/artifacts/20260714_215051,,
bist100__mlp__indicators__seed2026,bist100,mlp,indicators,2026,2c953ba577d73722dfb7e06920674b78eea37818c52ab3e8427e878ffdbe767c,data/raw/bist100.csv,73bebf639bf279a1d795e70709709369f3cb6951b64b976067c12a77b76d2aa9,fd51a670a9a400310af368f6f4907399272b6d50,3.12.13,Linux-6.12.90+-x86_64-with-glibc2.35,0.1.0,2.12.1+cu130,auto,completed,2026-07-14T21:54:05.524422+00:00,2026-07-14T21:57:10.890933+00:00,185.360270915,outputs/batches/markets_indicators_recursive_h20/runs/bist100__mlp__indicators__seed2026/artifacts/20260714_215405,,
bist100__mlp__indicators__seed42,bist100,mlp,indicators,42,9976b4a762640e6296184906fe53285acbbb6f4d1299cefdcaee6cebc688c3a2,data/raw/bist100.csv,73bebf639bf279a1d795e70709709369f3cb6951b64b976067c12a77b76d2aa9,fd51a670a9a400310af368f6f4907399272b6d50,3.12.13,Linux-6.12.90+-x86_64-with-glibc2.35,0.1.0,2.12.1+cu130,auto,completed,2026-07-14T21:47:47.842190+00:00,2026-07-14T21:50:51.327859+00:00,183.47756762699828,outputs/batches/markets_indicators_recursive_h20/runs/bist100__mlp__indicators__seed42/artifacts/20260714_214747,,
bist100__mlp__indicators__seed7,bist100,mlp,indicators,7,177057b85d0b6cc815f294c78c0b44a5cb49cb136ea4a4a7b6019ff6426933d7,data/raw/bist100.csv,73bebf639bf279a1d795e70709709369f3cb6951b64b976067c12a77b76d2aa9,fd51a670a9a400310af368f6f4907399272b6d50,3.12.13,Linux-6.12.90+-x86_64-with-glibc2.35,0.1.0,2.12.1+cu130,auto,completed,2026-07-14T21:44:47.537543+00:00,2026-07-14T21:47:47.837545+00:00,180.29374896300033,outputs/batches/markets_indicators_recursive_h20/runs/bist100__mlp__indicators__seed7/artifacts/20260714_214447,,
bist100__naive_persistence__close__seed1,bist100,naive_persistence,close,1,233ce19d1c954974251af50b9c9f1887988857cf9fd8d1ce6d94318cec645f76,data/raw/bist100.csv,73bebf639bf279a1d795e70709709369f3cb6951b64b976067c12a77b76d2aa9,fd51a670a9a400310af368f6f4907399272b6d50,3.12.13,Linux-6.12.90+-x86_64-with-glibc2.35,0.1.0,2.12.1+cu130,auto,completed,2026-07-14T16:47:57.202677+00:00,2026-07-14T16:47:59.104459+00:00,1.8956517420001546,outputs/batches/markets_indicators_recursive_h20/runs/bist100__naive_persistence__close__seed1/artifacts/20260714_164757,,
bist100__naive_persistence__close__seed123,bist100,naive_persistence,close,123,345aa8bd5ba6d1367762ef555d4d84fa355291a945ad9fb4a0405d60234c1b37,data/raw/bist100.csv,73bebf639bf279a1d795e70709709369f3cb6951b64b976067c12a77b76d2aa9,fd51a670a9a400310af368f6f4907399272b6d50,3.12.13,Linux-6.12.90+-x86_64-with-glibc2.35,0.1.0,2.12.1+cu130,auto,completed,2026-07-14T16:48:02.544687+00:00,2026-07-14T16:48:04.212337+00:00,1.6611302400001478,outputs/batches/markets_indicators_recursive_h20/runs/bist100__naive_persistence__close__seed123/artifacts/20260714_164802,,
bist100__naive_persistence__close__seed2026,bist100,naive_persistence,close,2026,3e2ddf751e671138a7f6a9034d4ba840afb263aa4996b9713543b0edc9dc3e19,data/raw/bist100.csv,73bebf639bf279a1d795e70709709369f3cb6951b64b976067c12a77b76d2aa9,fd51a670a9a400310af368f6f4907399272b6d50,3.12.13,Linux-6.12.90+-x86_64-with-glibc2.35,0.1.0,2.12.1+cu130,auto,completed,2026-07-14T16:48:04.214025+00:00,2026-07-14T16:48:05.916826+00:00,1.6961329779996959,outputs/batches/markets_indicators_recursive_h20/runs/bist100__naive_persistence__close__seed2026/artifacts/20260714_164804,,
bist100__naive_persistence__close__seed42,bist100,naive_persistence,close,42,72ef52f46cd062a3edaaef98d0c9b31c39c3c263a55d4b5a3bf51f6bda6a0bbe,data/raw/bist100.csv,73bebf639bf279a1d795e70709709369f3cb6951b64b976067c12a77b76d2aa9,fd51a670a9a400310af368f6f4907399272b6d50,3.12.13,Linux-6.12.90+-x86_64-with-glibc2.35,0.1.0,2.12.1+cu130,auto,completed,2026-07-14T16:48:00.807567+00:00,2026-07-14T16:48:02.542907+00:00,1.7283066080003664,outputs/batches/markets_indicators_recursive_h20/runs/bist100__naive_persistence__close__seed42/artifacts/20260714_164800,,
bist100__naive_persistence__close__seed7,bist100,naive_persistence,close,7,34bbb9d7c1bf2e432511f99c0597ddddf00a95d716673a639e51d18fbc2c0167,data/raw/bist100.csv,73bebf639bf279a1d795e70709709369f3cb6951b64b976067c12a77b76d2aa9,fd51a670a9a400310af368f6f4907399272b6d50,3.12.13,Linux-6.12.90+-x86_64-with-glibc2.35,0.1.0,2.12.1+cu130,auto,completed,2026-07-14T16:47:59.106284+00:00,2026-07-14T16:48:00.805752+00:00,1.69228816299983,outputs/batches/markets_indicators_recursive_h20/runs/bist100__naive_persistence__close__seed7/artifacts/20260714_164759,,
bist100__naive_persistence__indicators__seed1,bist100,naive_persistence,indicators,1,f77dcf10dbed4455cc3e7c8c49ffc0e5e3f01828c71e3d09ec49ca72f5953def,data/raw/bist100.csv,73bebf639bf279a1d795e70709709369f3cb6951b64b976067c12a77b76d2aa9,fd51a670a9a400310af368f6f4907399272b6d50,3.12.13,Linux-6.12.90+-x86_64-with-glibc2.35,0.1.0,2.12.1+cu130,auto,completed,2026-07-14T16:48:05.918441+00:00,2026-07-14T16:48:12.802305+00:00,6.877061647999653,outputs/batches/markets_indicators_recursive_h20/runs/bist100__naive_persistence__indicators__seed1/artifacts/20260714_164805,,
bist100__naive_persistence__indicators__seed123,bist100,naive_persistence,indicators,123,afa7ef5cbe4630c739c2d6cb3f51c01cdb46ad158ecb53610fa38e2eb04ec214,data/raw/bist100.csv,73bebf639bf279a1d795e70709709369f3cb6951b64b976067c12a77b76d2aa9,fd51a670a9a400310af368f6f4907399272b6d50,3.12.13,Linux-6.12.90+-x86_64-with-glibc2.35,0.1.0,2.12.1+cu130,auto,completed,2026-07-14T16:48:26.603381+00:00,2026-07-14T16:48:33.471426+00:00,6.861741979000271,outputs/batches/markets_indicators_recursive_h20/runs/bist100__naive_persistence__indicators__seed123/artifacts/20260714_164826,,
bist100__naive_persistence__indicators__seed2026,bist100,naive_persistence,indicators,2026,45bd148bc7ebe34afb58e8b7e3f2c418f56ac98ddc32879cea6c76af38a7a1db,data/raw/bist100.csv,73bebf639bf279a1d795e70709709369f3cb6951b64b976067c12a77b76d2aa9,fd51a670a9a400310af368f6f4907399272b6d50,3.12.13,Linux-6.12.90+-x86_64-with-glibc2.35,0.1.0,2.12.1+cu130,auto,completed,2026-07-14T16:48:33.472858+00:00,2026-07-14T16:48:40.342172+00:00,6.86303572099996,outputs/batches/markets_indicators_recursive_h20/runs/bist100__naive_persistence__indicators__seed2026/artifacts/20260714_164833,,
bist100__naive_persistence__indicators__seed42,bist100,naive_persistence,indicators,42,bd57fa6218edca59b29b4f36635a07a2ef594b8e32bcbd19d927837f0cbf805b,data/raw/bist100.csv,73bebf639bf279a1d795e70709709369f3cb6951b64b976067c12a77b76d2aa9,fd51a670a9a400310af368f6f4907399272b6d50,3.12.13,Linux-6.12.90+-x86_64-with-glibc2.35,0.1.0,2.12.1+cu130,auto,completed,2026-07-14T16:48:19.689130+00:00,2026-07-14T16:48:26.601836+00:00,6.906204092999815,outputs/batches/markets_indicators_recursive_h20/runs/bist100__naive_persistence__indicators__seed42/artifacts/20260714_164819,,
bist100__naive_persistence__indicators__seed7,bist100,naive_persistence,indicators,7,d4104c363bfe110c6099aede814ae04857c0f4e4fb80b8b56713ebea57ebc3da,data/raw/bist100.csv,73bebf639bf279a1d795e70709709369f3cb6951b64b976067c12a77b76d2aa9,fd51a670a9a400310af368f6f4907399272b6d50,3.12.13,Linux-6.12.90+-x86_64-with-glibc2.35,0.1.0,2.12.1+cu130,auto,completed,2026-07-14T16:48:12.803940+00:00,2026-07-14T16:48:19.687273+00:00,6.876899213000343,outputs/batches/markets_indicators_recursive_h20/runs/bist100__naive_persistence__indicators__seed7/artifacts/20260714_164812,,
sp500__cnn1d__close__seed1,sp500,cnn1d,close,1,5a74d0c2fb6d48f880159ca83991b6eaf89c0bf64b684812f67a8ce3a30be735,data/raw/sp500.csv,973bb1b4c920de56183ef6404fdce8fa6bb7a5141263797a39139bcbfcd290c2,fd51a670a9a400310af368f6f4907399272b6d50,3.12.13,Linux-6.12.90+-x86_64-with-glibc2.35,0.1.0,2.12.1+cu130,auto,completed,2026-07-14T19:06:01.375955+00:00,2026-07-14T19:08:59.319789+00:00,177.93696963399998,outputs/batches/markets_indicators_recursive_h20/runs/sp500__cnn1d__close__seed1/artifacts/20260714_190601,,
sp500__cnn1d__close__seed123,sp500,cnn1d,close,123,fcaf49874018ce8727c1b1b5c70b5fe0b3e1fdf0bcc1b020121d4cd2b06adb2c,data/raw/sp500.csv,973bb1b4c920de56183ef6404fdce8fa6bb7a5141263797a39139bcbfcd290c2,fd51a670a9a400310af368f6f4907399272b6d50,3.12.13,Linux-6.12.90+-x86_64-with-glibc2.35,0.1.0,2.12.1+cu130,auto,completed,2026-07-14T19:14:52.524338+00:00,2026-07-14T19:17:39.738384+00:00,167.20752260500012,outputs/batches/markets_indicators_recursive_h20/runs/sp500__cnn1d__close__seed123/artifacts/20260714_191452,,
sp500__cnn1d__close__seed2026,sp500,cnn1d,close,2026,7965b9f4a16d527d0c33b1029b67eaf189df13f87f7a7f63071430d994f282bc,data/raw/sp500.csv,973bb1b4c920de56183ef6404fdce8fa6bb7a5141263797a39139bcbfcd290c2,fd51a670a9a400310af368f6f4907399272b6d50,3.12.13,Linux-6.12.90+-x86_64-with-glibc2.35,0.1.0,2.12.1+cu130,auto,completed,2026-07-14T19:17:39.741760+00:00,2026-07-14T19:20:35.836768+00:00,176.0881364449997,outputs/batches/markets_indicators_recursive_h20/runs/sp500__cnn1d__close__seed2026/artifacts/20260714_191739,,
sp500__cnn1d__close__seed42,sp500,cnn1d,close,42,3717c85626c7af033895b8a3d0d48efc830e6ff307df97e8793a639288116116,data/raw/sp500.csv,973bb1b4c920de56183ef6404fdce8fa6bb7a5141263797a39139bcbfcd290c2,fd51a670a9a400310af368f6f4907399272b6d50,3.12.13,Linux-6.12.90+-x86_64-with-glibc2.35,0.1.0,2.12.1+cu130,auto,completed,2026-07-14T19:11:52.826391+00:00,2026-07-14T19:14:52.520868+00:00,179.68709268800012,outputs/batches/markets_indicators_recursive_h20/runs/sp500__cnn1d__close__seed42/artifacts/20260714_191152,,
sp500__cnn1d__close__seed7,sp500,cnn1d,close,7,d41864d733def3090182906d6e827f327711e4df4dbc0548eb255e9ee4e7e38d,data/raw/sp500.csv,973bb1b4c920de56183ef6404fdce8fa6bb7a5141263797a39139bcbfcd290c2,fd51a670a9a400310af368f6f4907399272b6d50,3.12.13,Linux-6.12.90+-x86_64-with-glibc2.35,0.1.0,2.12.1+cu130,auto,completed,2026-07-14T19:08:59.323440+00:00,2026-07-14T19:11:52.822495+00:00,173.4919589459996,outputs/batches/markets_indicators_recursive_h20/runs/sp500__cnn1d__close__seed7/artifacts/20260714_190859,,
sp500__cnn1d__indicators__seed1,sp500,cnn1d,indicators,1,73f82ed2983ccffacd6da6a34b8c0643ab16b40108abdaed9df8da189ed38ade,data/raw/sp500.csv,973bb1b4c920de56183ef6404fdce8fa6bb7a5141263797a39139bcbfcd290c2,fd51a670a9a400310af368f6f4907399272b6d50,3.12.13,Linux-6.12.90+-x86_64-with-glibc2.35,0.1.0,2.12.1+cu130,auto,completed,2026-07-14T19:20:35.840235+00:00,2026-07-14T19:23:15.330625+00:00,159.4839083879997,outputs/batches/markets_indicators_recursive_h20/runs/sp500__cnn1d__indicators__seed1/artifacts/20260714_192035,,
sp500__cnn1d__indicators__seed123,sp500,cnn1d,indicators,123,55f309ae7d0744f3e2c8ef8dbf0565b0ee03c0d4d40e30b6cd3b717cc764454a,data/raw/sp500.csv,973bb1b4c920de56183ef6404fdce8fa6bb7a5141263797a39139bcbfcd290c2,fd51a670a9a400310af368f6f4907399272b6d50,3.12.13,Linux-6.12.90+-x86_64-with-glibc2.35,0.1.0,2.12.1+cu130,auto,completed,2026-07-14T19:29:19.929234+00:00,2026-07-14T19:32:14.450838+00:00,174.51162386899978,outputs/batches/markets_indicators_recursive_h20/runs/sp500__cnn1d__indicators__seed123/artifacts/20260714_192919,,
sp500__cnn1d__indicators__seed2026,sp500,cnn1d,indicators,2026,95bdf674a7c5fa91bbc18cf1b2af89f334b44dee91e04134d98cc89d14deefe7,data/raw/sp500.csv,973bb1b4c920de56183ef6404fdce8fa6bb7a5141263797a39139bcbfcd290c2,fd51a670a9a400310af368f6f4907399272b6d50,3.12.13,Linux-6.12.90+-x86_64-with-glibc2.35,0.1.0,2.12.1+cu130,auto,completed,2026-07-14T19:32:14.454010+00:00,2026-07-14T19:34:55.947631+00:00,161.4870113829993,outputs/batches/markets_indicators_recursive_h20/runs/sp500__cnn1d__indicators__seed2026/artifacts/20260714_193214,,
sp500__cnn1d__indicators__seed42,sp500,cnn1d,indicators,42,1f211a7e2bc8ba922ebe0d6709145fad326124a50a00ff2b5b0c3883a835f05e,data/raw/sp500.csv,973bb1b4c920de56183ef6404fdce8fa6bb7a5141263797a39139bcbfcd290c2,fd51a670a9a400310af368f6f4907399272b6d50,3.12.13,Linux-6.12.90+-x86_64-with-glibc2.35,0.1.0,2.12.1+cu130,auto,completed,2026-07-14T19:26:18.419957+00:00,2026-07-14T19:29:19.922641+00:00,181.4962427569999,outputs/batches/markets_indicators_recursive_h20/runs/sp500__cnn1d__indicators__seed42/artifacts/20260714_192618,,
sp500__cnn1d__indicators__seed7,sp500,cnn1d,indicators,7,b65eaea835a03dd0da21566487ec645291577c6804fb6f98ee114be3de522591,data/raw/sp500.csv,973bb1b4c920de56183ef6404fdce8fa6bb7a5141263797a39139bcbfcd290c2,fd51a670a9a400310af368f6f4907399272b6d50,3.12.13,Linux-6.12.90+-x86_64-with-glibc2.35,0.1.0,2.12.1+cu130,auto,completed,2026-07-14T19:23:15.334269+00:00,2026-07-14T19:26:18.416367+00:00,183.0748193700001,outputs/batches/markets_indicators_recursive_h20/runs/sp500__cnn1d__indicators__seed7/artifacts/20260714_192315,,
sp500__dnfs__close__seed1,sp500,dnfs,close,1,9f12d72c1f8e767487fd0163ae97a931fd9f71bc2c582974632fefc489e47396,data/raw/sp500.csv,973bb1b4c920de56183ef6404fdce8fa6bb7a5141263797a39139bcbfcd290c2,fd51a670a9a400310af368f6f4907399272b6d50,3.12.13,Linux-6.12.90+-x86_64-with-glibc2.35,0.1.0,2.12.1+cu130,auto,completed,2026-07-14T20:42:38.434802+00:00,2026-07-14T20:44:50.368973+00:00,131.9279059290002,outputs/batches/markets_indicators_recursive_h20/runs/sp500__dnfs__close__seed1/artifacts/20260714_204238,,
sp500__dnfs__close__seed123,sp500,dnfs,close,123,f8d3d51d44e61944e960cc6c07a32ac0f5a330c2169c4756e5bbbf4c455bee37,data/raw/sp500.csv,973bb1b4c920de56183ef6404fdce8fa6bb7a5141263797a39139bcbfcd290c2,fd51a670a9a400310af368f6f4907399272b6d50,3.12.13,Linux-6.12.90+-x86_64-with-glibc2.35,0.1.0,2.12.1+cu130,auto,completed,2026-07-14T20:49:09.923207+00:00,2026-07-14T20:51:25.352917+00:00,135.41956229599964,outputs/batches/markets_indicators_recursive_h20/runs/sp500__dnfs__close__seed123/artifacts/20260714_204909,,
sp500__dnfs__close__seed2026,sp500,dnfs,close,2026,0e3f7671aa16273a92b207aae135ca939f02deaad30ffeab6534a0704a96dee7,data/raw/sp500.csv,973bb1b4c920de56183ef6404fdce8fa6bb7a5141263797a39139bcbfcd290c2,fd51a670a9a400310af368f6f4907399272b6d50,3.12.13,Linux-6.12.90+-x86_64-with-glibc2.35,0.1.0,2.12.1+cu130,auto,completed,2026-07-14T20:51:25.356736+00:00,2026-07-14T20:53:45.346378+00:00,139.98322042700056,outputs/batches/markets_indicators_recursive_h20/runs/sp500__dnfs__close__seed2026/artifacts/20260714_205125,,
sp500__dnfs__close__seed42,sp500,dnfs,close,42,80bbe83a81d107c614926c2f19f75eefa7f990ca2ab44d39367c900911abe2bb,data/raw/sp500.csv,973bb1b4c920de56183ef6404fdce8fa6bb7a5141263797a39139bcbfcd290c2,fd51a670a9a400310af368f6f4907399272b6d50,3.12.13,Linux-6.12.90+-x86_64-with-glibc2.35,0.1.0,2.12.1+cu130,auto,completed,2026-07-14T20:46:57.329028+00:00,2026-07-14T20:49:09.917788+00:00,132.58267156500006,outputs/batches/markets_indicators_recursive_h20/runs/sp500__dnfs__close__seed42/artifacts/20260714_204657,,
sp500__dnfs__close__seed7,sp500,dnfs,close,7,d54d9f11a9e365b5fe6c3227a15b66f0e7d4f49a90b539e49541f75c8c952b05,data/raw/sp500.csv,973bb1b4c920de56183ef6404fdce8fa6bb7a5141263797a39139bcbfcd290c2,fd51a670a9a400310af368f6f4907399272b6d50,3.12.13,Linux-6.12.90+-x86_64-with-glibc2.35,0.1.0,2.12.1+cu130,auto,completed,2026-07-14T20:44:50.372678+00:00,2026-07-14T20:46:57.325669+00:00,126.94576961999883,outputs/batches/markets_indicators_recursive_h20/runs/sp500__dnfs__close__seed7/artifacts/20260714_204450,,
sp500__dnfs__indicators__seed1,sp500,dnfs,indicators,1,665b84ed9ea06cf066d3cee2decdf39b4193ba2798efc60b5ebf123cd79516e6,data/raw/sp500.csv,973bb1b4c920de56183ef6404fdce8fa6bb7a5141263797a39139bcbfcd290c2,fd51a670a9a400310af368f6f4907399272b6d50,3.12.13,Linux-6.12.90+-x86_64-with-glibc2.35,0.1.0,2.12.1+cu130,auto,completed,2026-07-14T20:53:45.349794+00:00,2026-07-14T20:55:52.361768+00:00,127.0057741340006,outputs/batches/markets_indicators_recursive_h20/runs/sp500__dnfs__indicators__seed1/artifacts/20260714_205345,,
sp500__dnfs__indicators__seed123,sp500,dnfs,indicators,123,092cd98f8d77420a557250bdfc2413d93472cf8d0a9abcc42a82c29825654a16,data/raw/sp500.csv,973bb1b4c920de56183ef6404fdce8fa6bb7a5141263797a39139bcbfcd290c2,fd51a670a9a400310af368f6f4907399272b6d50,3.12.13,Linux-6.12.90+-x86_64-with-glibc2.35,0.1.0,2.12.1+cu130,auto,completed,2026-07-14T20:59:54.201411+00:00,2026-07-14T21:02:00.026227+00:00,125.81853917999979,outputs/batches/markets_indicators_recursive_h20/runs/sp500__dnfs__indicators__seed123/artifacts/20260714_205954,,
sp500__dnfs__indicators__seed2026,sp500,dnfs,indicators,2026,6c465736687041161851116eb0542c7d53de1d4c51b86c947e29b7eaa0b88c03,data/raw/sp500.csv,973bb1b4c920de56183ef6404fdce8fa6bb7a5141263797a39139bcbfcd290c2,fd51a670a9a400310af368f6f4907399272b6d50,3.12.13,Linux-6.12.90+-x86_64-with-glibc2.35,0.1.0,2.12.1+cu130,auto,completed,2026-07-14T21:02:00.029578+00:00,2026-07-14T21:04:02.613433+00:00,122.57765511700018,outputs/batches/markets_indicators_recursive_h20/runs/sp500__dnfs__indicators__seed2026/artifacts/20260714_210200,,
sp500__dnfs__indicators__seed42,sp500,dnfs,indicators,42,0efeee54515e7b8dd56a81468ffad30a110df35e6c61afa7b229cdd80d038a49,data/raw/sp500.csv,973bb1b4c920de56183ef6404fdce8fa6bb7a5141263797a39139bcbfcd290c2,fd51a670a9a400310af368f6f4907399272b6d50,3.12.13,Linux-6.12.90+-x86_64-with-glibc2.35,0.1.0,2.12.1+cu130,auto,completed,2026-07-14T20:57:55.067413+00:00,2026-07-14T20:59:54.198263+00:00,119.12428863899913,outputs/batches/markets_indicators_recursive_h20/runs/sp500__dnfs__indicators__seed42/artifacts/20260714_205755,,
sp500__dnfs__indicators__seed7,sp500,dnfs,indicators,7,b9a1e5ce5d45a229e5d0c6d04b782b9f1e430d1b4aa4393a709ac2d30322bd70,data/raw/sp500.csv,973bb1b4c920de56183ef6404fdce8fa6bb7a5141263797a39139bcbfcd290c2,fd51a670a9a400310af368f6f4907399272b6d50,3.12.13,Linux-6.12.90+-x86_64-with-glibc2.35,0.1.0,2.12.1+cu130,auto,completed,2026-07-14T20:55:52.365060+00:00,2026-07-14T20:57:55.064037+00:00,122.6927108889995,outputs/batches/markets_indicators_recursive_h20/runs/sp500__dnfs__indicators__seed7/artifacts/20260714_205552,,
sp500__linear_regression__close__seed1,sp500,linear_regression,close,1,c31a6e71c3d51da5cc37625dabf278b8a6313e2302edc212ef17de60808997f9,data/raw/sp500.csv,973bb1b4c920de56183ef6404fdce8fa6bb7a5141263797a39139bcbfcd290c2,fd51a670a9a400310af368f6f4907399272b6d50,3.12.13,Linux-6.12.90+-x86_64-with-glibc2.35,0.1.0,2.12.1+cu130,auto,completed,2026-07-14T16:46:15.894928+00:00,2026-07-14T16:46:21.876485+00:00,5.975389360000008,outputs/batches/markets_indicators_recursive_h20/runs/sp500__linear_regression__close__seed1/artifacts/20260714_164615,,
sp500__linear_regression__close__seed123,sp500,linear_regression,close,123,e8133074f3e777a891033728210bad9c67f5b0e8cbf9ec62c0c2a1836d32e752,data/raw/sp500.csv,973bb1b4c920de56183ef6404fdce8fa6bb7a5141263797a39139bcbfcd290c2,fd51a670a9a400310af368f6f4907399272b6d50,3.12.13,Linux-6.12.90+-x86_64-with-glibc2.35,0.1.0,2.12.1+cu130,auto,completed,2026-07-14T16:46:34.264430+00:00,2026-07-14T16:46:40.248891+00:00,5.977971051000168,outputs/batches/markets_indicators_recursive_h20/runs/sp500__linear_regression__close__seed123/artifacts/20260714_164634,,
sp500__linear_regression__close__seed2026,sp500,linear_regression,close,2026,a66f153cb92b05670f6291131af0929178024a1f2c08f96484c34b3559377144,data/raw/sp500.csv,973bb1b4c920de56183ef6404fdce8fa6bb7a5141263797a39139bcbfcd290c2,fd51a670a9a400310af368f6f4907399272b6d50,3.12.13,Linux-6.12.90+-x86_64-with-glibc2.35,0.1.0,2.12.1+cu130,auto,completed,2026-07-14T16:46:40.250418+00:00,2026-07-14T16:46:46.379817+00:00,6.123251233999781,outputs/batches/markets_indicators_recursive_h20/runs/sp500__linear_regression__close__seed2026/artifacts/20260714_164640,,
sp500__linear_regression__close__seed42,sp500,linear_regression,close,42,cff31e35b451a9282b48aa4559e9964796e2e61a479488976af34f370a4c8fed,data/raw/sp500.csv,973bb1b4c920de56183ef6404fdce8fa6bb7a5141263797a39139bcbfcd290c2,fd51a670a9a400310af368f6f4907399272b6d50,3.12.13,Linux-6.12.90+-x86_64-with-glibc2.35,0.1.0,2.12.1+cu130,auto,completed,2026-07-14T16:46:28.153954+00:00,2026-07-14T16:46:34.262953+00:00,6.102394055999866,outputs/batches/markets_indicators_recursive_h20/runs/sp500__linear_regression__close__seed42/artifacts/20260714_164628,,
sp500__linear_regression__close__seed7,sp500,linear_regression,close,7,7eca09f3c389de1d16275dcb4ad400d2e0ca7e1b45cdf25727bae6c3edcf0df1,data/raw/sp500.csv,973bb1b4c920de56183ef6404fdce8fa6bb7a5141263797a39139bcbfcd290c2,fd51a670a9a400310af368f6f4907399272b6d50,3.12.13,Linux-6.12.90+-x86_64-with-glibc2.35,0.1.0,2.12.1+cu130,auto,completed,2026-07-14T16:46:21.878290+00:00,2026-07-14T16:46:28.152203+00:00,6.267097156000091,outputs/batches/markets_indicators_recursive_h20/runs/sp500__linear_regression__close__seed7/artifacts/20260714_164621,,
sp500__linear_regression__indicators__seed1,sp500,linear_regression,indicators,1,3464502a51f03da718278f3b037cc3f04034823c87345b81b92a0a495fadf51c,data/raw/sp500.csv,973bb1b4c920de56183ef6404fdce8fa6bb7a5141263797a39139bcbfcd290c2,fd51a670a9a400310af368f6f4907399272b6d50,3.12.13,Linux-6.12.90+-x86_64-with-glibc2.35,0.1.0,2.12.1+cu130,auto,completed,2026-07-14T16:46:46.381196+00:00,2026-07-14T16:47:00.016932+00:00,13.629784660000041,outputs/batches/markets_indicators_recursive_h20/runs/sp500__linear_regression__indicators__seed1/artifacts/20260714_164646,,
sp500__linear_regression__indicators__seed123,sp500,linear_regression,indicators,123,2579be62a0877db9c5b777c48cc11f85701a0e12952492f226412300a022559a,data/raw/sp500.csv,973bb1b4c920de56183ef6404fdce8fa6bb7a5141263797a39139bcbfcd290c2,fd51a670a9a400310af368f6f4907399272b6d50,3.12.13,Linux-6.12.90+-x86_64-with-glibc2.35,0.1.0,2.12.1+cu130,auto,completed,2026-07-14T16:47:27.292161+00:00,2026-07-14T16:47:41.125338+00:00,13.826967735999915,outputs/batches/markets_indicators_recursive_h20/runs/sp500__linear_regression__indicators__seed123/artifacts/20260714_164727,,
sp500__linear_regression__indicators__seed2026,sp500,linear_regression,indicators,2026,3393433bdcca028e72a960316835f6d213cb24ba5a085f720673ded18fa8fd49,data/raw/sp500.csv,973bb1b4c920de56183ef6404fdce8fa6bb7a5141263797a39139bcbfcd290c2,fd51a670a9a400310af368f6f4907399272b6d50,3.12.13,Linux-6.12.90+-x86_64-with-glibc2.35,0.1.0,2.12.1+cu130,auto,completed,2026-07-14T16:47:41.126919+00:00,2026-07-14T16:47:54.661564+00:00,13.528185722000217,outputs/batches/markets_indicators_recursive_h20/runs/sp500__linear_regression__indicators__seed2026/artifacts/20260714_164741,,
sp500__linear_regression__indicators__seed42,sp500,linear_regression,indicators,42,35cc8c1a111883962f4633ad7f1f67b4619a3fddb7a84f1c7817e26d01a4003f,data/raw/sp500.csv,973bb1b4c920de56183ef6404fdce8fa6bb7a5141263797a39139bcbfcd290c2,fd51a670a9a400310af368f6f4907399272b6d50,3.12.13,Linux-6.12.90+-x86_64-with-glibc2.35,0.1.0,2.12.1+cu130,auto,completed,2026-07-14T16:47:13.555445+00:00,2026-07-14T16:47:27.290595+00:00,13.728605172000243,outputs/batches/markets_indicators_recursive_h20/runs/sp500__linear_regression__indicators__seed42/artifacts/20260714_164713,,
sp500__linear_regression__indicators__seed7,sp500,linear_regression,indicators,7,e65709fbb2a253990421dd561d77a75b27fcbd8ad079e4d39831990d8dc9b96a,data/raw/sp500.csv,973bb1b4c920de56183ef6404fdce8fa6bb7a5141263797a39139bcbfcd290c2,fd51a670a9a400310af368f6f4907399272b6d50,3.12.13,Linux-6.12.90+-x86_64-with-glibc2.35,0.1.0,2.12.1+cu130,auto,completed,2026-07-14T16:47:00.018360+00:00,2026-07-14T16:47:13.553813+00:00,13.529139420999854,outputs/batches/markets_indicators_recursive_h20/runs/sp500__linear_regression__indicators__seed7/artifacts/20260714_164700,,
sp500__lstm_gru__close__seed1,sp500,lstm_gru,close,1,6647529770a0d14331aa5aa0662ee3dc659f5f190988c6d82d81eb52f77dd0cc,data/raw/sp500.csv,973bb1b4c920de56183ef6404fdce8fa6bb7a5141263797a39139bcbfcd290c2,fd51a670a9a400310af368f6f4907399272b6d50,3.12.13,Linux-6.12.90+-x86_64-with-glibc2.35,0.1.0,2.12.1+cu130,auto,completed,2026-07-14T20:03:58.014232+00:00,2026-07-14T20:07:46.712867+00:00,228.69194206999964,outputs/batches/markets_indicators_recursive_h20/runs/sp500__lstm_gru__close__seed1/artifacts/20260714_200358,,
sp500__lstm_gru__close__seed123,sp500,lstm_gru,close,123,8cfe085de96c40a6bb6403e34fea28550282191c3118572c66ec39a7947523e5,data/raw/sp500.csv,973bb1b4c920de56183ef6404fdce8fa6bb7a5141263797a39139bcbfcd290c2,fd51a670a9a400310af368f6f4907399272b6d50,3.12.13,Linux-6.12.90+-x86_64-with-glibc2.35,0.1.0,2.12.1+cu130,auto,completed,2026-07-14T20:16:03.258218+00:00,2026-07-14T20:19:50.466571+00:00,227.20210585000132,outputs/batches/markets_indicators_recursive_h20/runs/sp500__lstm_gru__close__seed123/artifacts/20260714_201603,,
sp500__lstm_gru__close__seed2026,sp500,lstm_gru,close,2026,004f7eb481927e78257aa2e462910f7af8bc7c4582cad3d5ba99f69e543da68c,data/raw/sp500.csv,973bb1b4c920de56183ef6404fdce8fa6bb7a5141263797a39139bcbfcd290c2,fd51a670a9a400310af368f6f4907399272b6d50,3.12.13,Linux-6.12.90+-x86_64-with-glibc2.35,0.1.0,2.12.1+cu130,auto,completed,2026-07-14T20:19:50.470441+00:00,2026-07-14T20:23:37.708473+00:00,227.23158963599963,outputs/batches/markets_indicators_recursive_h20/runs/sp500__lstm_gru__close__seed2026/artifacts/20260714_201950,,
sp500__lstm_gru__close__seed42,sp500,lstm_gru,close,42,67a634e6972a097953da118552ed447dbbc4292e5330e43f7d44aad33eccc76b,data/raw/sp500.csv,973bb1b4c920de56183ef6404fdce8fa6bb7a5141263797a39139bcbfcd290c2,fd51a670a9a400310af368f6f4907399272b6d50,3.12.13,Linux-6.12.90+-x86_64-with-glibc2.35,0.1.0,2.12.1+cu130,auto,completed,2026-07-14T20:11:59.324911+00:00,2026-07-14T20:16:03.254771+00:00,243.92337307100024,outputs/batches/markets_indicators_recursive_h20/runs/sp500__lstm_gru__close__seed42/artifacts/20260714_201159,,
sp500__lstm_gru__close__seed7,sp500,lstm_gru,close,7,4dc6d550a5ab93074425992a3abf34163a5c435e890e25e93b197223248508a0,data/raw/sp500.csv,973bb1b4c920de56183ef6404fdce8fa6bb7a5141263797a39139bcbfcd290c2,fd51a670a9a400310af368f6f4907399272b6d50,3.12.13,Linux-6.12.90+-x86_64-with-glibc2.35,0.1.0,2.12.1+cu130,auto,completed,2026-07-14T20:07:46.723878+00:00,2026-07-14T20:11:59.321440+00:00,252.59110298500127,outputs/batches/markets_indicators_recursive_h20/runs/sp500__lstm_gru__close__seed7/artifacts/20260714_200746,,
sp500__lstm_gru__indicators__seed1,sp500,lstm_gru,indicators,1,9ecc12cef25cc242fad68c9c4b1772bb8a8f461508f904a713f78efca635ae01,data/raw/sp500.csv,973bb1b4c920de56183ef6404fdce8fa6bb7a5141263797a39139bcbfcd290c2,fd51a670a9a400310af368f6f4907399272b6d50,3.12.13,Linux-6.12.90+-x86_64-with-glibc2.35,0.1.0,2.12.1+cu130,auto,completed,2026-07-14T20:23:37.712051+00:00,2026-07-14T20:27:34.109324+00:00,236.39027709400034,outputs/batches/markets_indicators_recursive_h20/runs/sp500__lstm_gru__indicators__seed1/artifacts/20260714_202337,,
sp500__lstm_gru__indicators__seed123,sp500,lstm_gru,indicators,123,ba7a6f525f76013e37ae221a8f99d0455b22f441126d257a2c5bad279984a69d,data/raw/sp500.csv,973bb1b4c920de56183ef6404fdce8fa6bb7a5141263797a39139bcbfcd290c2,fd51a670a9a400310af368f6f4907399272b6d50,3.12.13,Linux-6.12.90+-x86_64-with-glibc2.35,0.1.0,2.12.1+cu130,auto,completed,2026-07-14T20:34:58.606745+00:00,2026-07-14T20:38:47.172005+00:00,228.55870751099974,outputs/batches/markets_indicators_recursive_h20/runs/sp500__lstm_gru__indicators__seed123/artifacts/20260714_203458,,
sp500__lstm_gru__indicators__seed2026,sp500,lstm_gru,indicators,2026,17dc4be135fc054d3be7e9864d0bc80dcc00a7ca1f655ec682bad275b32ddcfb,data/raw/sp500.csv,973bb1b4c920de56183ef6404fdce8fa6bb7a5141263797a39139bcbfcd290c2,fd51a670a9a400310af368f6f4907399272b6d50,3.12.13,Linux-6.12.90+-x86_64-with-glibc2.35,0.1.0,2.12.1+cu130,auto,completed,2026-07-14T20:38:47.183829+00:00,2026-07-14T20:42:38.431243+00:00,231.24132150400146,outputs/batches/markets_indicators_recursive_h20/runs/sp500__lstm_gru__indicators__seed2026/artifacts/20260714_203847,,
sp500__lstm_gru__indicators__seed42,sp500,lstm_gru,indicators,42,52a87c7cc5d9ac244d1c71f367a1df8085f9c486cb108a97b79b3052f1406ecc,data/raw/sp500.csv,973bb1b4c920de56183ef6404fdce8fa6bb7a5141263797a39139bcbfcd290c2,fd51a670a9a400310af368f6f4907399272b6d50,3.12.13,Linux-6.12.90+-x86_64-with-glibc2.35,0.1.0,2.12.1+cu130,auto,completed,2026-07-14T20:31:11.596427+00:00,2026-07-14T20:34:58.603364+00:00,227.00033971300036,outputs/batches/markets_indicators_recursive_h20/runs/sp500__lstm_gru__indicators__seed42/artifacts/20260714_203111,,
sp500__lstm_gru__indicators__seed7,sp500,lstm_gru,indicators,7,b1e96b28eb8f5634442abfa0309c7ee1d362eb6b6318f35529bcc4ffad36166a,data/raw/sp500.csv,973bb1b4c920de56183ef6404fdce8fa6bb7a5141263797a39139bcbfcd290c2,fd51a670a9a400310af368f6f4907399272b6d50,3.12.13,Linux-6.12.90+-x86_64-with-glibc2.35,0.1.0,2.12.1+cu130,auto,completed,2026-07-14T20:27:34.117243+00:00,2026-07-14T20:31:11.592957+00:00,217.469376002,outputs/batches/markets_indicators_recursive_h20/runs/sp500__lstm_gru__indicators__seed7/artifacts/20260714_202734,,
sp500__mlp__close__seed1,sp500,mlp,close,1,5fe736ee71155cb5abbc36700726978ab0fa4cdf95d6022953a7fc45f58452a2,data/raw/sp500.csv,973bb1b4c920de56183ef6404fdce8fa6bb7a5141263797a39139bcbfcd290c2,fd51a670a9a400310af368f6f4907399272b6d50,3.12.13,Linux-6.12.90+-x86_64-with-glibc2.35,0.1.0,2.12.1+cu130,auto,completed,2026-07-14T19:34:55.950752+00:00,2026-07-14T19:37:40.498774+00:00,164.54193542599933,outputs/batches/markets_indicators_recursive_h20/runs/sp500__mlp__close__seed1/artifacts/20260714_193455,,
sp500__mlp__close__seed123,sp500,mlp,close,123,39fcace4704e252d8d5ebe7c94fe81d37621eaf7a5b0fb05c1847bde183cc1cf,data/raw/sp500.csv,973bb1b4c920de56183ef6404fdce8fa6bb7a5141263797a39139bcbfcd290c2,fd51a670a9a400310af368f6f4907399272b6d50,3.12.13,Linux-6.12.90+-x86_64-with-glibc2.35,0.1.0,2.12.1+cu130,auto,completed,2026-07-14T19:43:16.927168+00:00,2026-07-14T19:46:03.210271+00:00,166.27672482400158,outputs/batches/markets_indicators_recursive_h20/runs/sp500__mlp__close__seed123/artifacts/20260714_194316,,
sp500__mlp__close__seed2026,sp500,mlp,close,2026,2fd5ac02a3d8bea465e9a769952de5c87cce96e6b5a518351e77589542aa162d,data/raw/sp500.csv,973bb1b4c920de56183ef6404fdce8fa6bb7a5141263797a39139bcbfcd290c2,fd51a670a9a400310af368f6f4907399272b6d50,3.12.13,Linux-6.12.90+-x86_64-with-glibc2.35,0.1.0,2.12.1+cu130,auto,completed,2026-07-14T19:46:03.213989+00:00,2026-07-14T19:48:43.136513+00:00,159.91556371499973,outputs/batches/markets_indicators_recursive_h20/runs/sp500__mlp__close__seed2026/artifacts/20260714_194603,,
sp500__mlp__close__seed42,sp500,mlp,close,42,9805a8c9674d0571f6c7459e9cc3dbf489b5a9a8e3356d52c343f72fc33aacd0,data/raw/sp500.csv,973bb1b4c920de56183ef6404fdce8fa6bb7a5141263797a39139bcbfcd290c2,fd51a670a9a400310af368f6f4907399272b6d50,3.12.13,Linux-6.12.90+-x86_64-with-glibc2.35,0.1.0,2.12.1+cu130,auto,completed,2026-07-14T19:40:21.723699+00:00,2026-07-14T19:43:16.923881+00:00,175.19403435499953,outputs/batches/markets_indicators_recursive_h20/runs/sp500__mlp__close__seed42/artifacts/20260714_194021,,
sp500__mlp__close__seed7,sp500,mlp,close,7,4f468a8a6a3f103beec0a1ef72ed1cb4e485761ab566fe40cbc4bda9460d05e1,data/raw/sp500.csv,973bb1b4c920de56183ef6404fdce8fa6bb7a5141263797a39139bcbfcd290c2,fd51a670a9a400310af368f6f4907399272b6d50,3.12.13,Linux-6.12.90+-x86_64-with-glibc2.35,0.1.0,2.12.1+cu130,auto,completed,2026-07-14T19:37:40.502484+00:00,2026-07-14T19:40:21.720434+00:00,161.21153253800003,outputs/batches/markets_indicators_recursive_h20/runs/sp500__mlp__close__seed7/artifacts/20260714_193740,,
sp500__mlp__indicators__seed1,sp500,mlp,indicators,1,be4fbfe5832b162d81353cb107fd6dfdec2ba418329a1c12d7d9bfc72e0e7069,data/raw/sp500.csv,973bb1b4c920de56183ef6404fdce8fa6bb7a5141263797a39139bcbfcd290c2,fd51a670a9a400310af368f6f4907399272b6d50,3.12.13,Linux-6.12.90+-x86_64-with-glibc2.35,0.1.0,2.12.1+cu130,auto,completed,2026-07-14T19:48:43.140080+00:00,2026-07-14T19:51:37.428801+00:00,174.2822038510003,outputs/batches/markets_indicators_recursive_h20/runs/sp500__mlp__indicators__seed1/artifacts/20260714_194843,,
sp500__mlp__indicators__seed123,sp500,mlp,indicators,123,115b1a2654b71a0757d2c78d9a5426de8413fedff01e34deaefae7d289b801ed,data/raw/sp500.csv,973bb1b4c920de56183ef6404fdce8fa6bb7a5141263797a39139bcbfcd290c2,fd51a670a9a400310af368f6f4907399272b6d50,3.12.13,Linux-6.12.90+-x86_64-with-glibc2.35,0.1.0,2.12.1+cu130,auto,completed,2026-07-14T19:57:51.281816+00:00,2026-07-14T20:00:54.487348+00:00,183.19934685299995,outputs/batches/markets_indicators_recursive_h20/runs/sp500__mlp__indicators__seed123/artifacts/20260714_195751,,
sp500__mlp__indicators__seed2026,sp500,mlp,indicators,2026,4987bcae364157d0680e848d4eb165b3bc6232452a3bb592100996766d5a6065,data/raw/sp500.csv,973bb1b4c920de56183ef6404fdce8fa6bb7a5141263797a39139bcbfcd290c2,fd51a670a9a400310af368f6f4907399272b6d50,3.12.13,Linux-6.12.90+-x86_64-with-glibc2.35,0.1.0,2.12.1+cu130,auto,completed,2026-07-14T20:00:54.490680+00:00,2026-07-14T20:03:58.010828+00:00,183.51387257100032,outputs/batches/markets_indicators_recursive_h20/runs/sp500__mlp__indicators__seed2026/artifacts/20260714_200054,,
sp500__mlp__indicators__seed42,sp500,mlp,indicators,42,b9b9d77efe810a18674ebe39880d086cd18229de7e3f8c8bb0999d13676cea6a,data/raw/sp500.csv,973bb1b4c920de56183ef6404fdce8fa6bb7a5141263797a39139bcbfcd290c2,fd51a670a9a400310af368f6f4907399272b6d50,3.12.13,Linux-6.12.90+-x86_64-with-glibc2.35,0.1.0,2.12.1+cu130,auto,completed,2026-07-14T19:54:46.954657+00:00,2026-07-14T19:57:51.278723+00:00,184.3178093309998,outputs/batches/markets_indicators_recursive_h20/runs/sp500__mlp__indicators__seed42/artifacts/20260714_195447,,
sp500__mlp__indicators__seed7,sp500,mlp,indicators,7,fe1ef8053fd7c22e99188bc5d85c1d12cb13fbe9299d0d71f4243adb25530262,data/raw/sp500.csv,973bb1b4c920de56183ef6404fdce8fa6bb7a5141263797a39139bcbfcd290c2,fd51a670a9a400310af368f6f4907399272b6d50,3.12.13,Linux-6.12.90+-x86_64-with-glibc2.35,0.1.0,2.12.1+cu130,auto,completed,2026-07-14T19:51:37.431991+00:00,2026-07-14T19:54:46.951474+00:00,189.51316551400123,outputs/batches/markets_indicators_recursive_h20/runs/sp500__mlp__indicators__seed7/artifacts/20260714_195137,,
sp500__naive_persistence__close__seed1,sp500,naive_persistence,close,1,9f48af772dda9ee4a0d5562708475f4aab6ef70cc6e07122c8789c3f7d2eaad2,data/raw/sp500.csv,973bb1b4c920de56183ef6404fdce8fa6bb7a5141263797a39139bcbfcd290c2,fd51a670a9a400310af368f6f4907399272b6d50,3.12.13,Linux-6.12.90+-x86_64-with-glibc2.35,0.1.0,2.12.1+cu130,auto,completed,2026-07-14T16:45:32.689212+00:00,2026-07-14T16:45:34.356357+00:00,1.6604102999999668,outputs/batches/markets_indicators_recursive_h20/runs/sp500__naive_persistence__close__seed1/artifacts/20260714_164532,,
sp500__naive_persistence__close__seed123,sp500,naive_persistence,close,123,c0511c7966ef0176755c82b5c34709c7b0705fb5465130c918d0c7d76fb2292e,data/raw/sp500.csv,973bb1b4c920de56183ef6404fdce8fa6bb7a5141263797a39139bcbfcd290c2,fd51a670a9a400310af368f6f4907399272b6d50,3.12.13,Linux-6.12.90+-x86_64-with-glibc2.35,0.1.0,2.12.1+cu130,auto,completed,2026-07-14T16:45:37.772076+00:00,2026-07-14T16:45:39.432762+00:00,1.654474957000275,outputs/batches/markets_indicators_recursive_h20/runs/sp500__naive_persistence__close__seed123/artifacts/20260714_164537,,
sp500__naive_persistence__close__seed2026,sp500,naive_persistence,close,2026,1ca1324ba611f5375c48c7736ff0bf2a4d47fd5de2271908f48e6947dec488d1,data/raw/sp500.csv,973bb1b4c920de56183ef6404fdce8fa6bb7a5141263797a39139bcbfcd290c2,fd51a670a9a400310af368f6f4907399272b6d50,3.12.13,Linux-6.12.90+-x86_64-with-glibc2.35,0.1.0,2.12.1+cu130,auto,completed,2026-07-14T16:45:39.434431+00:00,2026-07-14T16:45:41.112253+00:00,1.671748287000355,outputs/batches/markets_indicators_recursive_h20/runs/sp500__naive_persistence__close__seed2026/artifacts/20260714_164539,,
sp500__naive_persistence__close__seed42,sp500,naive_persistence,close,42,fdfa66c40939d9f4fbf59236ffa32c1d36832333ff2a12c29369e7b7c08a34c8,data/raw/sp500.csv,973bb1b4c920de56183ef6404fdce8fa6bb7a5141263797a39139bcbfcd290c2,fd51a670a9a400310af368f6f4907399272b6d50,3.12.13,Linux-6.12.90+-x86_64-with-glibc2.35,0.1.0,2.12.1+cu130,auto,completed,2026-07-14T16:45:36.088848+00:00,2026-07-14T16:45:37.770543+00:00,1.6752931160003754,outputs/batches/markets_indicators_recursive_h20/runs/sp500__naive_persistence__close__seed42/artifacts/20260714_164536,,
sp500__naive_persistence__close__seed7,sp500,naive_persistence,close,7,3a1c2df1f6f5630d615daff4151a663c788a132decf34a5b8645a2a1a6c79e8a,data/raw/sp500.csv,973bb1b4c920de56183ef6404fdce8fa6bb7a5141263797a39139bcbfcd290c2,fd51a670a9a400310af368f6f4907399272b6d50,3.12.13,Linux-6.12.90+-x86_64-with-glibc2.35,0.1.0,2.12.1+cu130,auto,completed,2026-07-14T16:45:34.357935+00:00,2026-07-14T16:45:36.087162+00:00,1.7224946050000653,outputs/batches/markets_indicators_recursive_h20/runs/sp500__naive_persistence__close__seed7/artifacts/20260714_164534,,
sp500__naive_persistence__indicators__seed1,sp500,naive_persistence,indicators,1,51b07115aaee9d0ef2185d847339440a21933b1fa702e147de06465051bc239d,data/raw/sp500.csv,973bb1b4c920de56183ef6404fdce8fa6bb7a5141263797a39139bcbfcd290c2,fd51a670a9a400310af368f6f4907399272b6d50,3.12.13,Linux-6.12.90+-x86_64-with-glibc2.35,0.1.0,2.12.1+cu130,auto,completed,2026-07-14T16:45:41.113935+00:00,2026-07-14T16:45:48.208265+00:00,7.088071346999641,outputs/batches/markets_indicators_recursive_h20/runs/sp500__naive_persistence__indicators__seed1/artifacts/20260714_164541,,
sp500__naive_persistence__indicators__seed123,sp500,naive_persistence,indicators,123,881a0053e2301516757f894a2a2d39bf537f432e86b2ecb0de41c60efceaba1f,data/raw/sp500.csv,973bb1b4c920de56183ef6404fdce8fa6bb7a5141263797a39139bcbfcd290c2,fd51a670a9a400310af368f6f4907399272b6d50,3.12.13,Linux-6.12.90+-x86_64-with-glibc2.35,0.1.0,2.12.1+cu130,auto,completed,2026-07-14T16:46:02.207653+00:00,2026-07-14T16:46:08.999303+00:00,6.785150566000084,outputs/batches/markets_indicators_recursive_h20/runs/sp500__naive_persistence__indicators__seed123/artifacts/20260714_164602,,
sp500__naive_persistence__indicators__seed2026,sp500,naive_persistence,indicators,2026,c8e34434bde8775de795cccaf7356c272fa292dafe52864e48558378db2108d7,data/raw/sp500.csv,973bb1b4c920de56183ef6404fdce8fa6bb7a5141263797a39139bcbfcd290c2,fd51a670a9a400310af368f6f4907399272b6d50,3.12.13,Linux-6.12.90+-x86_64-with-glibc2.35,0.1.0,2.12.1+cu130,auto,completed,2026-07-14T16:46:09.000931+00:00,2026-07-14T16:46:15.893457+00:00,6.886287778000224,outputs/batches/markets_indicators_recursive_h20/runs/sp500__naive_persistence__indicators__seed2026/artifacts/20260714_164609,,
sp500__naive_persistence__indicators__seed42,sp500,naive_persistence,indicators,42,059174abed39634207f842a2992e6665951590903f51fce9b3b95b8e1e3a7496,data/raw/sp500.csv,973bb1b4c920de56183ef6404fdce8fa6bb7a5141263797a39139bcbfcd290c2,fd51a670a9a400310af368f6f4907399272b6d50,3.12.13,Linux-6.12.90+-x86_64-with-glibc2.35,0.1.0,2.12.1+cu130,auto,completed,2026-07-14T16:45:55.351349+00:00,2026-07-14T16:46:02.206144+00:00,6.845706930000233,outputs/batches/markets_indicators_recursive_h20/runs/sp500__naive_persistence__indicators__seed42/artifacts/20260714_164555,,
sp500__naive_persistence__indicators__seed7,sp500,naive_persistence,indicators,7,f8464ee837b563b160de97ff2940bd1ef094861166a07a8d58080c1accb8a6ea,data/raw/sp500.csv,973bb1b4c920de56183ef6404fdce8fa6bb7a5141263797a39139bcbfcd290c2,fd51a670a9a400310af368f6f4907399272b6d50,3.12.13,Linux-6.12.90+-x86_64-with-glibc2.35,0.1.0,2.12.1+cu130,auto,completed,2026-07-14T16:45:48.209840+00:00,2026-07-14T16:45:55.349520+00:00,7.133224491999954,outputs/batches/markets_indicators_recursive_h20/runs/sp500__naive_persistence__indicators__seed7/artifacts/20260714_164548,,
wig20__cnn1d__close__seed1,wig20,cnn1d,close,1,2d2c34392ec7d7e3ac86c30b4e383d572d1b85e8566844545c828467de5d1d28,data/raw/wig20.csv,2068449fa9044aae9b8dd670428feb5e3e2fb7c35207f8d46027f83ee2cf5ce4,fd51a670a9a400310af368f6f4907399272b6d50,3.12.13,Linux-6.12.90+-x86_64-with-glibc2.35,0.1.0,2.12.1+cu130,auto,completed,2026-07-14T17:43:36.184015+00:00,2026-07-14T17:45:58.030632+00:00,141.83957875400006,outputs/batches/markets_indicators_recursive_h20/runs/wig20__cnn1d__close__seed1/artifacts/20260714_174336,,
wig20__cnn1d__close__seed123,wig20,cnn1d,close,123,d2a330ee1a022a8ed11ef040c48fa7a7c9723cca406f3f929202e5ca2becddfb,data/raw/wig20.csv,2068449fa9044aae9b8dd670428feb5e3e2fb7c35207f8d46027f83ee2cf5ce4,fd51a670a9a400310af368f6f4907399272b6d50,3.12.13,Linux-6.12.90+-x86_64-with-glibc2.35,0.1.0,2.12.1+cu130,auto,completed,2026-07-14T17:49:48.909073+00:00,2026-07-14T17:51:44.113702+00:00,115.198473767,outputs/batches/markets_indicators_recursive_h20/runs/wig20__cnn1d__close__seed123/artifacts/20260714_174948,,
wig20__cnn1d__close__seed2026,wig20,cnn1d,close,2026,8e3d668b2bfded63509d496a38ede8bb8393af2a8d4826701478606c539ade14,data/raw/wig20.csv,2068449fa9044aae9b8dd670428feb5e3e2fb7c35207f8d46027f83ee2cf5ce4,fd51a670a9a400310af368f6f4907399272b6d50,3.12.13,Linux-6.12.90+-x86_64-with-glibc2.35,0.1.0,2.12.1+cu130,auto,completed,2026-07-14T17:51:44.117720+00:00,2026-07-14T17:53:52.936808+00:00,128.81315653600018,outputs/batches/markets_indicators_recursive_h20/runs/wig20__cnn1d__close__seed2026/artifacts/20260714_175144,,
wig20__cnn1d__close__seed42,wig20,cnn1d,close,42,ba6cb4d057c4b6377cc07dab25e97503b93015e8e6051fb14ef5f183955ca3e6,data/raw/wig20.csv,2068449fa9044aae9b8dd670428feb5e3e2fb7c35207f8d46027f83ee2cf5ce4,fd51a670a9a400310af368f6f4907399272b6d50,3.12.13,Linux-6.12.90+-x86_64-with-glibc2.35,0.1.0,2.12.1+cu130,auto,completed,2026-07-14T17:47:49.680402+00:00,2026-07-14T17:49:48.905167+00:00,119.21874425300007,outputs/batches/markets_indicators_recursive_h20/runs/wig20__cnn1d__close__seed42/artifacts/20260714_174749,,
wig20__cnn1d__close__seed7,wig20,cnn1d,close,7,3238d9ada2ae2bf567beae189df351fc3fcf888ce00b5b68980c3e7e6fff17a9,data/raw/wig20.csv,2068449fa9044aae9b8dd670428feb5e3e2fb7c35207f8d46027f83ee2cf5ce4,fd51a670a9a400310af368f6f4907399272b6d50,3.12.13,Linux-6.12.90+-x86_64-with-glibc2.35,0.1.0,2.12.1+cu130,auto,completed,2026-07-14T17:45:58.034581+00:00,2026-07-14T17:47:49.676927+00:00,111.63672225599998,outputs/batches/markets_indicators_recursive_h20/runs/wig20__cnn1d__close__seed7/artifacts/20260714_174558,,
wig20__cnn1d__indicators__seed1,wig20,cnn1d,indicators,1,7fb3b6b588da2370d572fae7002b7bd3b31bf06215adf55d51b918a5bd8edc01,data/raw/wig20.csv,2068449fa9044aae9b8dd670428feb5e3e2fb7c35207f8d46027f83ee2cf5ce4,fd51a670a9a400310af368f6f4907399272b6d50,3.12.13,Linux-6.12.90+-x86_64-with-glibc2.35,0.1.0,2.12.1+cu130,auto,completed,2026-07-14T17:53:52.940303+00:00,2026-07-14T17:56:15.701071+00:00,142.75485812599982,outputs/batches/markets_indicators_recursive_h20/runs/wig20__cnn1d__indicators__seed1/artifacts/20260714_175352,,
wig20__cnn1d__indicators__seed123,wig20,cnn1d,indicators,123,a2e147e00f54ae6c6599290e25a36b68abd6c471f5e49a91b37908201981bae7,data/raw/wig20.csv,2068449fa9044aae9b8dd670428feb5e3e2fb7c35207f8d46027f83ee2cf5ce4,fd51a670a9a400310af368f6f4907399272b6d50,3.12.13,Linux-6.12.90+-x86_64-with-glibc2.35,0.1.0,2.12.1+cu130,auto,completed,2026-07-14T18:01:19.421932+00:00,2026-07-14T18:03:41.330879+00:00,141.9034486579999,outputs/batches/markets_indicators_recursive_h20/runs/wig20__cnn1d__indicators__seed123/artifacts/20260714_180119,,
wig20__cnn1d__indicators__seed2026,wig20,cnn1d,indicators,2026,5ca77418f243899d9a423a908954e95c70233115c8f2eb106c41d7760d4b6443,data/raw/wig20.csv,2068449fa9044aae9b8dd670428feb5e3e2fb7c35207f8d46027f83ee2cf5ce4,fd51a670a9a400310af368f6f4907399272b6d50,3.12.13,Linux-6.12.90+-x86_64-with-glibc2.35,0.1.0,2.12.1+cu130,auto,completed,2026-07-14T18:03:41.335055+00:00,2026-07-14T18:05:58.349272+00:00,137.00731004199997,outputs/batches/markets_indicators_recursive_h20/runs/wig20__cnn1d__indicators__seed2026/artifacts/20260714_180341,,
wig20__cnn1d__indicators__seed42,wig20,cnn1d,indicators,42,f8a7f988c0ddcff33ab863b375cc7c2f39b07ff7238d207263c1b5e0f812c2ee,data/raw/wig20.csv,2068449fa9044aae9b8dd670428feb5e3e2fb7c35207f8d46027f83ee2cf5ce4,fd51a670a9a400310af368f6f4907399272b6d50,3.12.13,Linux-6.12.90+-x86_64-with-glibc2.35,0.1.0,2.12.1+cu130,auto,completed,2026-07-14T17:58:44.359608+00:00,2026-07-14T18:01:19.418404+00:00,155.05265323100002,outputs/batches/markets_indicators_recursive_h20/runs/wig20__cnn1d__indicators__seed42/artifacts/20260714_175844,,
wig20__cnn1d__indicators__seed7,wig20,cnn1d,indicators,7,17124ad9f4d2c540c5b82c0e3b45dd9be6568c0b548b19e5a82cc164783bb886,data/raw/wig20.csv,2068449fa9044aae9b8dd670428feb5e3e2fb7c35207f8d46027f83ee2cf5ce4,fd51a670a9a400310af368f6f4907399272b6d50,3.12.13,Linux-6.12.90+-x86_64-with-glibc2.35,0.1.0,2.12.1+cu130,auto,completed,2026-07-14T17:56:15.705033+00:00,2026-07-14T17:58:44.355736+00:00,148.64511975999994,outputs/batches/markets_indicators_recursive_h20/runs/wig20__cnn1d__indicators__seed7/artifacts/20260714_175615,,
wig20__dnfs__close__seed1,wig20,dnfs,close,1,a36a4e4a63b0de93bd0be55b8ec83b2c595a8bab268216302023dff85defb77c,data/raw/wig20.csv,2068449fa9044aae9b8dd670428feb5e3e2fb7c35207f8d46027f83ee2cf5ce4,fd51a670a9a400310af368f6f4907399272b6d50,3.12.13,Linux-6.12.90+-x86_64-with-glibc2.35,0.1.0,2.12.1+cu130,auto,completed,2026-07-14T18:47:39.712545+00:00,2026-07-14T18:49:43.307407+00:00,123.58918306300075,outputs/batches/markets_indicators_recursive_h20/runs/wig20__dnfs__close__seed1/artifacts/20260714_184739,,
wig20__dnfs__close__seed123,wig20,dnfs,close,123,57752ae27fe5ba8b68d508b6ba13439f841cb4c7e3f5acd319519f7712935dec,data/raw/wig20.csv,2068449fa9044aae9b8dd670428feb5e3e2fb7c35207f8d46027f83ee2cf5ce4,fd51a670a9a400310af368f6f4907399272b6d50,3.12.13,Linux-6.12.90+-x86_64-with-glibc2.35,0.1.0,2.12.1+cu130,auto,completed,2026-07-14T18:53:52.670819+00:00,2026-07-14T18:55:58.612286+00:00,125.93556845600051,outputs/batches/markets_indicators_recursive_h20/runs/wig20__dnfs__close__seed123/artifacts/20260714_185352,,
wig20__dnfs__close__seed2026,wig20,dnfs,close,2026,0c9345bd27cc1e9e3a661daff8ea750e1f0cfc497707900a011ec6b0ac31bb68,data/raw/wig20.csv,2068449fa9044aae9b8dd670428feb5e3e2fb7c35207f8d46027f83ee2cf5ce4,fd51a670a9a400310af368f6f4907399272b6d50,3.12.13,Linux-6.12.90+-x86_64-with-glibc2.35,0.1.0,2.12.1+cu130,auto,completed,2026-07-14T18:55:58.616500+00:00,2026-07-14T18:58:07.353409+00:00,128.73099525100042,outputs/batches/markets_indicators_recursive_h20/runs/wig20__dnfs__close__seed2026/artifacts/20260714_185558,,
wig20__dnfs__close__seed42,wig20,dnfs,close,42,7566d04d9a5bcde79efd7638825f4a7354f00b1e908281394ba04c9e246f8cb6,data/raw/wig20.csv,2068449fa9044aae9b8dd670428feb5e3e2fb7c35207f8d46027f83ee2cf5ce4,fd51a670a9a400310af368f6f4907399272b6d50,3.12.13,Linux-6.12.90+-x86_64-with-glibc2.35,0.1.0,2.12.1+cu130,auto,completed,2026-07-14T18:51:46.731887+00:00,2026-07-14T18:53:52.666693+00:00,125.92934012099977,outputs/batches/markets_indicators_recursive_h20/runs/wig20__dnfs__close__seed42/artifacts/20260714_185146,,
wig20__dnfs__close__seed7,wig20,dnfs,close,7,b257a5f3871c13976511ae47ae0b288ece86e64964e920c20096c75ecd571064,data/raw/wig20.csv,2068449fa9044aae9b8dd670428feb5e3e2fb7c35207f8d46027f83ee2cf5ce4,fd51a670a9a400310af368f6f4907399272b6d50,3.12.13,Linux-6.12.90+-x86_64-with-glibc2.35,0.1.0,2.12.1+cu130,auto,completed,2026-07-14T18:49:43.311260+00:00,2026-07-14T18:51:46.728353+00:00,123.41139981800006,outputs/batches/markets_indicators_recursive_h20/runs/wig20__dnfs__close__seed7/artifacts/20260714_184943,,
wig20__dnfs__indicators__seed1,wig20,dnfs,indicators,1,ab3e02fd3e92a0cdc32b7b387a357d3796f8a5c558d6ccc9f6c590c4aec02312,data/raw/wig20.csv,2068449fa9044aae9b8dd670428feb5e3e2fb7c35207f8d46027f83ee2cf5ce4,fd51a670a9a400310af368f6f4907399272b6d50,3.12.13,Linux-6.12.90+-x86_64-with-glibc2.35,0.1.0,2.12.1+cu130,auto,completed,2026-07-14T18:58:07.357471+00:00,2026-07-14T18:59:42.758729+00:00,95.39584640400062,outputs/batches/markets_indicators_recursive_h20/runs/wig20__dnfs__indicators__seed1/artifacts/20260714_185807,,
wig20__dnfs__indicators__seed123,wig20,dnfs,indicators,123,773079f6e29c2fd7ad6dca4216cdd6c851123e681b5fe4414d685a84ca90f9e8,data/raw/wig20.csv,2068449fa9044aae9b8dd670428feb5e3e2fb7c35207f8d46027f83ee2cf5ce4,fd51a670a9a400310af368f6f4907399272b6d50,3.12.13,Linux-6.12.90+-x86_64-with-glibc2.35,0.1.0,2.12.1+cu130,auto,completed,2026-07-14T19:02:50.490267+00:00,2026-07-14T19:04:27.556558+00:00,97.06046610999965,outputs/batches/markets_indicators_recursive_h20/runs/wig20__dnfs__indicators__seed123/artifacts/20260714_190250,,
wig20__dnfs__indicators__seed2026,wig20,dnfs,indicators,2026,bbc2cc87390bcaf01897e31a0d47b1d6271a3975ece39815d95d590c99e5a69d,data/raw/wig20.csv,2068449fa9044aae9b8dd670428feb5e3e2fb7c35207f8d46027f83ee2cf5ce4,fd51a670a9a400310af368f6f4907399272b6d50,3.12.13,Linux-6.12.90+-x86_64-with-glibc2.35,0.1.0,2.12.1+cu130,auto,completed,2026-07-14T19:04:27.560511+00:00,2026-07-14T19:06:01.287632+00:00,93.72133134400065,outputs/batches/markets_indicators_recursive_h20/runs/wig20__dnfs__indicators__seed2026/artifacts/20260714_190427,,
wig20__dnfs__indicators__seed42,wig20,dnfs,indicators,42,e24153e558cd80aa4e1ee9e0d2160d29b7f57133e0ad8621b34b9b8610fe82c4,data/raw/wig20.csv,2068449fa9044aae9b8dd670428feb5e3e2fb7c35207f8d46027f83ee2cf5ce4,fd51a670a9a400310af368f6f4907399272b6d50,3.12.13,Linux-6.12.90+-x86_64-with-glibc2.35,0.1.0,2.12.1+cu130,auto,completed,2026-07-14T19:01:12.620434+00:00,2026-07-14T19:02:50.486457+00:00,97.86040404800042,outputs/batches/markets_indicators_recursive_h20/runs/wig20__dnfs__indicators__seed42/artifacts/20260714_190112,,
wig20__dnfs__indicators__seed7,wig20,dnfs,indicators,7,30287cbcab47df027878fccd238da82fd4e8217f1510e62066e958a1377399e9,data/raw/wig20.csv,2068449fa9044aae9b8dd670428feb5e3e2fb7c35207f8d46027f83ee2cf5ce4,fd51a670a9a400310af368f6f4907399272b6d50,3.12.13,Linux-6.12.90+-x86_64-with-glibc2.35,0.1.0,2.12.1+cu130,auto,completed,2026-07-14T18:59:42.762630+00:00,2026-07-14T19:01:12.616667+00:00,89.84826768399944,outputs/batches/markets_indicators_recursive_h20/runs/wig20__dnfs__indicators__seed7/artifacts/20260714_185942,,
wig20__linear_regression__close__seed1,wig20,linear_regression,close,1,30685a759c20ca3f30b14ffcb70e414d4856529b247e53b201af5ecb9fbf1046,data/raw/wig20.csv,2068449fa9044aae9b8dd670428feb5e3e2fb7c35207f8d46027f83ee2cf5ce4,fd51a670a9a400310af368f6f4907399272b6d50,3.12.13,Linux-6.12.90+-x86_64-with-glibc2.35,0.1.0,2.12.1+cu130,auto,completed,2026-07-14T16:44:21.552287+00:00,2026-07-14T16:44:25.391469+00:00,3.8342729430000873,outputs/batches/markets_indicators_recursive_h20/runs/wig20__linear_regression__close__seed1/artifacts/20260714_164421,,
wig20__linear_regression__close__seed123,wig20,linear_regression,close,123,0cdf1a37c241e28cdf94353440e27f9683ba7398cf9177f83ac7f14c5605f0a5,data/raw/wig20.csv,2068449fa9044aae9b8dd670428feb5e3e2fb7c35207f8d46027f83ee2cf5ce4,fd51a670a9a400310af368f6f4907399272b6d50,3.12.13,Linux-6.12.90+-x86_64-with-glibc2.35,0.1.0,2.12.1+cu130,auto,completed,2026-07-14T16:44:33.263102+00:00,2026-07-14T16:44:37.098570+00:00,3.830284567000035,outputs/batches/markets_indicators_recursive_h20/runs/wig20__linear_regression__close__seed123/artifacts/20260714_164433,,
wig20__linear_regression__close__seed2026,wig20,linear_regression,close,2026,3ba01b4f17d9ce8fa309d8691fd350ed9111787c4ea7c1915d84fe24440a3721,data/raw/wig20.csv,2068449fa9044aae9b8dd670428feb5e3e2fb7c35207f8d46027f83ee2cf5ce4,fd51a670a9a400310af368f6f4907399272b6d50,3.12.13,Linux-6.12.90+-x86_64-with-glibc2.35,0.1.0,2.12.1+cu130,auto,completed,2026-07-14T16:44:37.100162+00:00,2026-07-14T16:44:41.088464+00:00,3.9833564930004286,outputs/batches/markets_indicators_recursive_h20/runs/wig20__linear_regression__close__seed2026/artifacts/20260714_164437,,
wig20__linear_regression__close__seed42,wig20,linear_regression,close,42,ed562e7f8099543de3f05bfa315cec53ca0495ae67801fdddd1e0de41898bdc9,data/raw/wig20.csv,2068449fa9044aae9b8dd670428feb5e3e2fb7c35207f8d46027f83ee2cf5ce4,fd51a670a9a400310af368f6f4907399272b6d50,3.12.13,Linux-6.12.90+-x86_64-with-glibc2.35,0.1.0,2.12.1+cu130,auto,completed,2026-07-14T16:44:29.353870+00:00,2026-07-14T16:44:33.261556+00:00,3.902940603999923,outputs/batches/markets_indicators_recursive_h20/runs/wig20__linear_regression__close__seed42/artifacts/20260714_164429,,
wig20__linear_regression__close__seed7,wig20,linear_regression,close,7,2e62305bdac68b205afed510246f8a112302e87b5b2f1ea2e3c4492fec30a8d8,data/raw/wig20.csv,2068449fa9044aae9b8dd670428feb5e3e2fb7c35207f8d46027f83ee2cf5ce4,fd51a670a9a400310af368f6f4907399272b6d50,3.12.13,Linux-6.12.90+-x86_64-with-glibc2.35,0.1.0,2.12.1+cu130,auto,completed,2026-07-14T16:44:25.393128+00:00,2026-07-14T16:44:29.352356+00:00,3.954490335000173,outputs/batches/markets_indicators_recursive_h20/runs/wig20__linear_regression__close__seed7/artifacts/20260714_164425,,
wig20__linear_regression__indicators__seed1,wig20,linear_regression,indicators,1,43b137b940c8724588f8eed1df0da45829ffe2aa6dd8aa768a288f53f7d0e249,data/raw/wig20.csv,2068449fa9044aae9b8dd670428feb5e3e2fb7c35207f8d46027f83ee2cf5ce4,fd51a670a9a400310af368f6f4907399272b6d50,3.12.13,Linux-6.12.90+-x86_64-with-glibc2.35,0.1.0,2.12.1+cu130,auto,completed,2026-07-14T16:44:41.089999+00:00,2026-07-14T16:44:50.116349+00:00,9.021355129999847,outputs/batches/markets_indicators_recursive_h20/runs/wig20__linear_regression__indicators__seed1/artifacts/20260714_164441,,
wig20__linear_regression__indicators__seed123,wig20,linear_regression,indicators,123,06bdea7067a33e78342018b12e9a763ad24cc0bd4860ed46b80a0489740b300e,data/raw/wig20.csv,2068449fa9044aae9b8dd670428feb5e3e2fb7c35207f8d46027f83ee2cf5ce4,fd51a670a9a400310af368f6f4907399272b6d50,3.12.13,Linux-6.12.90+-x86_64-with-glibc2.35,0.1.0,2.12.1+cu130,auto,completed,2026-07-14T16:45:08.264277+00:00,2026-07-14T16:45:17.325791+00:00,9.056105256000137,outputs/batches/markets_indicators_recursive_h20/runs/wig20__linear_regression__indicators__seed123/artifacts/20260714_164508,,
wig20__linear_regression__indicators__seed2026,wig20,linear_regression,indicators,2026,6107d2b60f3cc0436d48cbdc04dcb2c902eca8a9aec5e9704ed102b3531be298,data/raw/wig20.csv,2068449fa9044aae9b8dd670428feb5e3e2fb7c35207f8d46027f83ee2cf5ce4,fd51a670a9a400310af368f6f4907399272b6d50,3.12.13,Linux-6.12.90+-x86_64-with-glibc2.35,0.1.0,2.12.1+cu130,auto,completed,2026-07-14T16:45:17.327343+00:00,2026-07-14T16:45:26.384030+00:00,9.051768066000022,outputs/batches/markets_indicators_recursive_h20/runs/wig20__linear_regression__indicators__seed2026/artifacts/20260714_164517,,
wig20__linear_regression__indicators__seed42,wig20,linear_regression,indicators,42,ade85ae40db78a6126f3a93c96b8f068c941888d44f95e04e5561d99e05976c5,data/raw/wig20.csv,2068449fa9044aae9b8dd670428feb5e3e2fb7c35207f8d46027f83ee2cf5ce4,fd51a670a9a400310af368f6f4907399272b6d50,3.12.13,Linux-6.12.90+-x86_64-with-glibc2.35,0.1.0,2.12.1+cu130,auto,completed,2026-07-14T16:44:59.306291+00:00,2026-07-14T16:45:08.262568+00:00,8.951380129999961,outputs/batches/markets_indicators_recursive_h20/runs/wig20__linear_regression__indicators__seed42/artifacts/20260714_164459,,
wig20__linear_regression__indicators__seed7,wig20,linear_regression,indicators,7,c906f6bb65cbd730ad24020e9b6314396bec5a0c711efd99438dc5b93f5601e9,data/raw/wig20.csv,2068449fa9044aae9b8dd670428feb5e3e2fb7c35207f8d46027f83ee2cf5ce4,fd51a670a9a400310af368f6f4907399272b6d50,3.12.13,Linux-6.12.90+-x86_64-with-glibc2.35,0.1.0,2.12.1+cu130,auto,completed,2026-07-14T16:44:50.117942+00:00,2026-07-14T16:44:59.304820+00:00,9.181885755000167,outputs/batches/markets_indicators_recursive_h20/runs/wig20__linear_regression__indicators__seed7/artifacts/20260714_164450,,
wig20__lstm_gru__close__seed1,wig20,lstm_gru,close,1,6a3aa2d7e5c96c046c323af78bcb17053698ded176060c60153f5ab95e1fb748,data/raw/wig20.csv,2068449fa9044aae9b8dd670428feb5e3e2fb7c35207f8d46027f83ee2cf5ce4,fd51a670a9a400310af368f6f4907399272b6d50,3.12.13,Linux-6.12.90+-x86_64-with-glibc2.35,0.1.0,2.12.1+cu130,auto,completed,2026-07-14T18:20:11.928522+00:00,2026-07-14T18:23:20.485113+00:00,188.55102798899998,outputs/batches/markets_indicators_recursive_h20/runs/wig20__lstm_gru__close__seed1/artifacts/20260714_182011,,
wig20__lstm_gru__close__seed123,wig20,lstm_gru,close,123,fb595ff477bed6ca6617f4c3ba59ae4f7a869fd94d2c6f88bfb076fe00d786c5,data/raw/wig20.csv,2068449fa9044aae9b8dd670428feb5e3e2fb7c35207f8d46027f83ee2cf5ce4,fd51a670a9a400310af368f6f4907399272b6d50,3.12.13,Linux-6.12.90+-x86_64-with-glibc2.35,0.1.0,2.12.1+cu130,auto,completed,2026-07-14T18:29:36.549701+00:00,2026-07-14T18:32:34.767950+00:00,178.2125586079992,outputs/batches/markets_indicators_recursive_h20/runs/wig20__lstm_gru__close__seed123/artifacts/20260714_182936,,
wig20__lstm_gru__close__seed2026,wig20,lstm_gru,close,2026,f036a2093dd5f432cb8bb541a34b1cbca82ff7d1baadf8c24efb338cfe134584,data/raw/wig20.csv,2068449fa9044aae9b8dd670428feb5e3e2fb7c35207f8d46027f83ee2cf5ce4,fd51a670a9a400310af368f6f4907399272b6d50,3.12.13,Linux-6.12.90+-x86_64-with-glibc2.35,0.1.0,2.12.1+cu130,auto,completed,2026-07-14T18:32:34.771772+00:00,2026-07-14T18:35:58.159172+00:00,203.38175330600006,outputs/batches/markets_indicators_recursive_h20/runs/wig20__lstm_gru__close__seed2026/artifacts/20260714_183234,,
wig20__lstm_gru__close__seed42,wig20,lstm_gru,close,42,817a790664d54482251d3e30bdaab5eb383179757213a8982e5e2d47c06c1b34,data/raw/wig20.csv,2068449fa9044aae9b8dd670428feb5e3e2fb7c35207f8d46027f83ee2cf5ce4,fd51a670a9a400310af368f6f4907399272b6d50,3.12.13,Linux-6.12.90+-x86_64-with-glibc2.35,0.1.0,2.12.1+cu130,auto,completed,2026-07-14T18:26:30.985516+00:00,2026-07-14T18:29:36.546052+00:00,185.55537398999968,outputs/batches/markets_indicators_recursive_h20/runs/wig20__lstm_gru__close__seed42/artifacts/20260714_182631,,
wig20__lstm_gru__close__seed7,wig20,lstm_gru,close,7,4cf5322a3b466abda7f2f570f0c571f1aca5690a0cfce1695440e9ee2b54eb4e,data/raw/wig20.csv,2068449fa9044aae9b8dd670428feb5e3e2fb7c35207f8d46027f83ee2cf5ce4,fd51a670a9a400310af368f6f4907399272b6d50,3.12.13,Linux-6.12.90+-x86_64-with-glibc2.35,0.1.0,2.12.1+cu130,auto,completed,2026-07-14T18:23:20.488847+00:00,2026-07-14T18:26:30.981883+00:00,190.48727927500022,outputs/batches/markets_indicators_recursive_h20/runs/wig20__lstm_gru__close__seed7/artifacts/20260714_182320,,
wig20__lstm_gru__indicators__seed1,wig20,lstm_gru,indicators,1,23cb41ae9be629702ab765c5d4cf89687348e9eda1716781da208a815be9f51f,data/raw/wig20.csv,2068449fa9044aae9b8dd670428feb5e3e2fb7c35207f8d46027f83ee2cf5ce4,fd51a670a9a400310af368f6f4907399272b6d50,3.12.13,Linux-6.12.90+-x86_64-with-glibc2.35,0.1.0,2.12.1+cu130,auto,completed,2026-07-14T18:35:58.162877+00:00,2026-07-14T18:38:09.950008+00:00,131.78118476800046,outputs/batches/markets_indicators_recursive_h20/runs/wig20__lstm_gru__indicators__seed1/artifacts/20260714_183558,,
wig20__lstm_gru__indicators__seed123,wig20,lstm_gru,indicators,123,07f1a1d5763dda1bceeb23a0676bee40d063f3a24f0ca4f5226f1b9fc929c329,data/raw/wig20.csv,2068449fa9044aae9b8dd670428feb5e3e2fb7c35207f8d46027f83ee2cf5ce4,fd51a670a9a400310af368f6f4907399272b6d50,3.12.13,Linux-6.12.90+-x86_64-with-glibc2.35,0.1.0,2.12.1+cu130,auto,completed,2026-07-14T18:43:03.500204+00:00,2026-07-14T18:45:20.834828+00:00,137.3285138830006,outputs/batches/markets_indicators_recursive_h20/runs/wig20__lstm_gru__indicators__seed123/artifacts/20260714_184303,,
wig20__lstm_gru__indicators__seed2026,wig20,lstm_gru,indicators,2026,fedab7dcb22e09731e56d1cffb9a5a90e76864ca1b6cf2f8bc55f3ecf33ef18a,data/raw/wig20.csv,2068449fa9044aae9b8dd670428feb5e3e2fb7c35207f8d46027f83ee2cf5ce4,fd51a670a9a400310af368f6f4907399272b6d50,3.12.13,Linux-6.12.90+-x86_64-with-glibc2.35,0.1.0,2.12.1+cu130,auto,completed,2026-07-14T18:45:20.838691+00:00,2026-07-14T18:47:39.708922+00:00,138.8647491009997,outputs/batches/markets_indicators_recursive_h20/runs/wig20__lstm_gru__indicators__seed2026/artifacts/20260714_184520,,
wig20__lstm_gru__indicators__seed42,wig20,lstm_gru,indicators,42,8228c0511f57f68adf41653a3a865445c5563a8b04e47414b60aa646fd457475,data/raw/wig20.csv,2068449fa9044aae9b8dd670428feb5e3e2fb7c35207f8d46027f83ee2cf5ce4,fd51a670a9a400310af368f6f4907399272b6d50,3.12.13,Linux-6.12.90+-x86_64-with-glibc2.35,0.1.0,2.12.1+cu130,auto,completed,2026-07-14T18:40:42.247029+00:00,2026-07-14T18:43:03.496154+00:00,141.24317640299978,outputs/batches/markets_indicators_recursive_h20/runs/wig20__lstm_gru__indicators__seed42/artifacts/20260714_184042,,
wig20__lstm_gru__indicators__seed7,wig20,lstm_gru,indicators,7,bce9004c65028ef9ca2be750100f754a6d81681b4163da60ff7d65a5de51f6e1,data/raw/wig20.csv,2068449fa9044aae9b8dd670428feb5e3e2fb7c35207f8d46027f83ee2cf5ce4,fd51a670a9a400310af368f6f4907399272b6d50,3.12.13,Linux-6.12.90+-x86_64-with-glibc2.35,0.1.0,2.12.1+cu130,auto,completed,2026-07-14T18:38:09.953879+00:00,2026-07-14T18:40:42.243078+00:00,152.28364451300058,outputs/batches/markets_indicators_recursive_h20/runs/wig20__lstm_gru__indicators__seed7/artifacts/20260714_183809,,
wig20__mlp__close__seed1,wig20,mlp,close,1,e2df9ea54efaa0f4ec8cb1b8d06aa29e495234ac244f708cf391a5bacbd39767,data/raw/wig20.csv,2068449fa9044aae9b8dd670428feb5e3e2fb7c35207f8d46027f83ee2cf5ce4,fd51a670a9a400310af368f6f4907399272b6d50,3.12.13,Linux-6.12.90+-x86_64-with-glibc2.35,0.1.0,2.12.1+cu130,auto,completed,2026-07-14T18:05:58.353156+00:00,2026-07-14T18:07:29.024672+00:00,90.66585212799964,outputs/batches/markets_indicators_recursive_h20/runs/wig20__mlp__close__seed1/artifacts/20260714_180558,,
wig20__mlp__close__seed123,wig20,mlp,close,123,ee3bb3a21b0ed229fea1c58ca8f60aa359a7e4b322887f54be5528fc65c7a315,data/raw/wig20.csv,2068449fa9044aae9b8dd670428feb5e3e2fb7c35207f8d46027f83ee2cf5ce4,fd51a670a9a400310af368f6f4907399272b6d50,3.12.13,Linux-6.12.90+-x86_64-with-glibc2.35,0.1.0,2.12.1+cu130,auto,completed,2026-07-14T18:10:34.172919+00:00,2026-07-14T18:11:59.721892+00:00,85.54339583599995,outputs/batches/markets_indicators_recursive_h20/runs/wig20__mlp__close__seed123/artifacts/20260714_181034,,
wig20__mlp__close__seed2026,wig20,mlp,close,2026,90d8fe028f6c2bdfa18c3f093ece58dfb6a118379b38dd6c8359025cf5188513,data/raw/wig20.csv,2068449fa9044aae9b8dd670428feb5e3e2fb7c35207f8d46027f83ee2cf5ce4,fd51a670a9a400310af368f6f4907399272b6d50,3.12.13,Linux-6.12.90+-x86_64-with-glibc2.35,0.1.0,2.12.1+cu130,auto,completed,2026-07-14T18:11:59.725290+00:00,2026-07-14T18:13:37.012247+00:00,97.28161367700022,outputs/batches/markets_indicators_recursive_h20/runs/wig20__mlp__close__seed2026/artifacts/20260714_181159,,
wig20__mlp__close__seed42,wig20,mlp,close,42,df925fe13f6ddd0220f974d9b365170a1ae7c443908533557a0a0a4a7c650612,data/raw/wig20.csv,2068449fa9044aae9b8dd670428feb5e3e2fb7c35207f8d46027f83ee2cf5ce4,fd51a670a9a400310af368f6f4907399272b6d50,3.12.13,Linux-6.12.90+-x86_64-with-glibc2.35,0.1.0,2.12.1+cu130,auto,completed,2026-07-14T18:09:05.680485+00:00,2026-07-14T18:10:34.169434+00:00,88.48345163700014,outputs/batches/markets_indicators_recursive_h20/runs/wig20__mlp__close__seed42/artifacts/20260714_180905,,
wig20__mlp__close__seed7,wig20,mlp,close,7,4d8aa7db2cfcf3cee28a22240acac8fd2a4914f021dea7959c831076c32950dd,data/raw/wig20.csv,2068449fa9044aae9b8dd670428feb5e3e2fb7c35207f8d46027f83ee2cf5ce4,fd51a670a9a400310af368f6f4907399272b6d50,3.12.13,Linux-6.12.90+-x86_64-with-glibc2.35,0.1.0,2.12.1+cu130,auto,completed,2026-07-14T18:07:29.028286+00:00,2026-07-14T18:09:05.676851+00:00,96.64271297999994,outputs/batches/markets_indicators_recursive_h20/runs/wig20__mlp__close__seed7/artifacts/20260714_180729,,
wig20__mlp__indicators__seed1,wig20,mlp,indicators,1,6a79b4be9fad4e9fcbec49d9f8d1ba0a73c4406c7fa9ffab1f48cae805c573e3,data/raw/wig20.csv,2068449fa9044aae9b8dd670428feb5e3e2fb7c35207f8d46027f83ee2cf5ce4,fd51a670a9a400310af368f6f4907399272b6d50,3.12.13,Linux-6.12.90+-x86_64-with-glibc2.35,0.1.0,2.12.1+cu130,auto,completed,2026-07-14T18:13:37.016398+00:00,2026-07-14T18:14:54.818908+00:00,77.79666856600033,outputs/batches/markets_indicators_recursive_h20/runs/wig20__mlp__indicators__seed1/artifacts/20260714_181337,,
wig20__mlp__indicators__seed123,wig20,mlp,indicators,123,96a476610c99cf20489dc8a6114c289fc17507e2b6c0a61f9ad95d52917c2234,data/raw/wig20.csv,2068449fa9044aae9b8dd670428feb5e3e2fb7c35207f8d46027f83ee2cf5ce4,fd51a670a9a400310af368f6f4907399272b6d50,3.12.13,Linux-6.12.90+-x86_64-with-glibc2.35,0.1.0,2.12.1+cu130,auto,completed,2026-07-14T18:17:35.256124+00:00,2026-07-14T18:18:52.633432+00:00,77.37155812099991,outputs/batches/markets_indicators_recursive_h20/runs/wig20__mlp__indicators__seed123/artifacts/20260714_181735,,
wig20__mlp__indicators__seed2026,wig20,mlp,indicators,2026,f755dc69633e7d8ea823e2737f844dd5b16adc36a8cd718036130e3e3ccba425,data/raw/wig20.csv,2068449fa9044aae9b8dd670428feb5e3e2fb7c35207f8d46027f83ee2cf5ce4,fd51a670a9a400310af368f6f4907399272b6d50,3.12.13,Linux-6.12.90+-x86_64-with-glibc2.35,0.1.0,2.12.1+cu130,auto,completed,2026-07-14T18:18:52.637450+00:00,2026-07-14T18:20:11.924806+00:00,79.28164461300003,outputs/batches/markets_indicators_recursive_h20/runs/wig20__mlp__indicators__seed2026/artifacts/20260714_181852,,
wig20__mlp__indicators__seed42,wig20,mlp,indicators,42,fad1bb79627c235d80817522c69951e942e52a4f7f1ae909cff348d46c7d07a9,data/raw/wig20.csv,2068449fa9044aae9b8dd670428feb5e3e2fb7c35207f8d46027f83ee2cf5ce4,fd51a670a9a400310af368f6f4907399272b6d50,3.12.13,Linux-6.12.90+-x86_64-with-glibc2.35,0.1.0,2.12.1+cu130,auto,completed,2026-07-14T18:16:17.706267+00:00,2026-07-14T18:17:35.252066+00:00,77.54071029100032,outputs/batches/markets_indicators_recursive_h20/runs/wig20__mlp__indicators__seed42/artifacts/20260714_181617,,
wig20__mlp__indicators__seed7,wig20,mlp,indicators,7,d3dea068050d2f6055afcdc8737f2edf5ad68d8a3f537b8c650bc75f80099933,data/raw/wig20.csv,2068449fa9044aae9b8dd670428feb5e3e2fb7c35207f8d46027f83ee2cf5ce4,fd51a670a9a400310af368f6f4907399272b6d50,3.12.13,Linux-6.12.90+-x86_64-with-glibc2.35,0.1.0,2.12.1+cu130,auto,completed,2026-07-14T18:14:54.822693+00:00,2026-07-14T18:16:17.702720+00:00,82.87276397400001,outputs/batches/markets_indicators_recursive_h20/runs/wig20__mlp__indicators__seed7/artifacts/20260714_181454,,
wig20__naive_persistence__close__seed1,wig20,naive_persistence,close,1,ea9ec54034ca75dab4a7ceb02c23b87d91bffcb70c9ab175a92d7035ee477263,data/raw/wig20.csv,2068449fa9044aae9b8dd670428feb5e3e2fb7c35207f8d46027f83ee2cf5ce4,fd51a670a9a400310af368f6f4907399272b6d50,3.12.13,Linux-6.12.90+-x86_64-with-glibc2.35,0.1.0,2.12.1+cu130,auto,completed,2026-07-14T16:43:49.769707+00:00,2026-07-14T16:43:51.238530+00:00,1.462378747999992,outputs/batches/markets_indicators_recursive_h20/runs/wig20__naive_persistence__close__seed1/artifacts/20260714_164349,,
wig20__naive_persistence__close__seed123,wig20,naive_persistence,close,123,cc5180c420145274c394f06a441d60159614d7e11c0a10ce9f6eb97ed23051a7,data/raw/wig20.csv,2068449fa9044aae9b8dd670428feb5e3e2fb7c35207f8d46027f83ee2cf5ce4,fd51a670a9a400310af368f6f4907399272b6d50,3.12.13,Linux-6.12.90+-x86_64-with-glibc2.35,0.1.0,2.12.1+cu130,auto,completed,2026-07-14T16:43:54.002774+00:00,2026-07-14T16:43:55.448518+00:00,1.4403193069997542,outputs/batches/markets_indicators_recursive_h20/runs/wig20__naive_persistence__close__seed123/artifacts/20260714_164354,,
wig20__naive_persistence__close__seed2026,wig20,naive_persistence,close,2026,4cc3fbfac1e00c192e5a3936ac8f2ddfd06d1e67a33b9db28d39d7fe274b2e47,data/raw/wig20.csv,2068449fa9044aae9b8dd670428feb5e3e2fb7c35207f8d46027f83ee2cf5ce4,fd51a670a9a400310af368f6f4907399272b6d50,3.12.13,Linux-6.12.90+-x86_64-with-glibc2.35,0.1.0,2.12.1+cu130,auto,completed,2026-07-14T16:43:55.450067+00:00,2026-07-14T16:43:56.851323+00:00,1.3961540400000558,outputs/batches/markets_indicators_recursive_h20/runs/wig20__naive_persistence__close__seed2026/artifacts/20260714_164355,,
wig20__naive_persistence__close__seed42,wig20,naive_persistence,close,42,112f13d78205259d11c5a1cda78c3a222fd45e2837d9e546ad710e5383aa60ec,data/raw/wig20.csv,2068449fa9044aae9b8dd670428feb5e3e2fb7c35207f8d46027f83ee2cf5ce4,fd51a670a9a400310af368f6f4907399272b6d50,3.12.13,Linux-6.12.90+-x86_64-with-glibc2.35,0.1.0,2.12.1+cu130,auto,completed,2026-07-14T16:43:52.582350+00:00,2026-07-14T16:43:54.000841+00:00,1.4132983409999724,outputs/batches/markets_indicators_recursive_h20/runs/wig20__naive_persistence__close__seed42/artifacts/20260714_164352,,
wig20__naive_persistence__close__seed7,wig20,naive_persistence,close,7,f13500bd51cf017dd311be68713dab10623e8b72fad32354a6aecfb4ac964b65,data/raw/wig20.csv,2068449fa9044aae9b8dd670428feb5e3e2fb7c35207f8d46027f83ee2cf5ce4,fd51a670a9a400310af368f6f4907399272b6d50,3.12.13,Linux-6.12.90+-x86_64-with-glibc2.35,0.1.0,2.12.1+cu130,auto,completed,2026-07-14T16:43:51.240039+00:00,2026-07-14T16:43:52.580745+00:00,1.3356261469998572,outputs/batches/markets_indicators_recursive_h20/runs/wig20__naive_persistence__close__seed7/artifacts/20260714_164351,,
wig20__naive_persistence__indicators__seed1,wig20,naive_persistence,indicators,1,1a5beee4ec79cd538210ef57f420353ff8330009a6cc1e21b8c6346c4c0aea16,data/raw/wig20.csv,2068449fa9044aae9b8dd670428feb5e3e2fb7c35207f8d46027f83ee2cf5ce4,fd51a670a9a400310af368f6f4907399272b6d50,3.12.13,Linux-6.12.90+-x86_64-with-glibc2.35,0.1.0,2.12.1+cu130,auto,completed,2026-07-14T16:43:56.853060+00:00,2026-07-14T16:44:01.991637+00:00,5.133134322000387,outputs/batches/markets_indicators_recursive_h20/runs/wig20__naive_persistence__indicators__seed1/artifacts/20260714_164356,,
wig20__naive_persistence__indicators__seed123,wig20,naive_persistence,indicators,123,f6d95caa12ca0f4461b498d929d3efe4c6e809ba90ed9375a75f028ba0f9044e,data/raw/wig20.csv,2068449fa9044aae9b8dd670428feb5e3e2fb7c35207f8d46027f83ee2cf5ce4,fd51a670a9a400310af368f6f4907399272b6d50,3.12.13,Linux-6.12.90+-x86_64-with-glibc2.35,0.1.0,2.12.1+cu130,auto,completed,2026-07-14T16:44:11.698647+00:00,2026-07-14T16:44:16.567907+00:00,4.8642219980001755,outputs/batches/markets_indicators_recursive_h20/runs/wig20__naive_persistence__indicators__seed123/artifacts/20260714_164411,,
wig20__naive_persistence__indicators__seed2026,wig20,naive_persistence,indicators,2026,a090e84ada55a891199553b4c38a2dbe9dd0b158904d5b65617b581905db5be4,data/raw/wig20.csv,2068449fa9044aae9b8dd670428feb5e3e2fb7c35207f8d46027f83ee2cf5ce4,fd51a670a9a400310af368f6f4907399272b6d50,3.12.13,Linux-6.12.90+-x86_64-with-glibc2.35,0.1.0,2.12.1+cu130,auto,completed,2026-07-14T16:44:16.569386+00:00,2026-07-14T16:44:21.550592+00:00,4.976122600999588,outputs/batches/markets_indicators_recursive_h20/runs/wig20__naive_persistence__indicators__seed2026/artifacts/20260714_164416,,
wig20__naive_persistence__indicators__seed42,wig20,naive_persistence,indicators,42,f1815ed753a156a9607f7221f6b7ff96f5acc613cd445591f2acc4142ddd2fdc,data/raw/wig20.csv,2068449fa9044aae9b8dd670428feb5e3e2fb7c35207f8d46027f83ee2cf5ce4,fd51a670a9a400310af368f6f4907399272b6d50,3.12.13,Linux-6.12.90+-x86_64-with-glibc2.35,0.1.0,2.12.1+cu130,auto,completed,2026-07-14T16:44:06.850821+00:00,2026-07-14T16:44:11.697030+00:00,4.840601933000016,outputs/batches/markets_indicators_recursive_h20/runs/wig20__naive_persistence__indicators__seed42/artifacts/20260714_164406,,
wig20__naive_persistence__indicators__seed7,wig20,naive_persistence,indicators,7,d639a6523714453e3718184956c2ddd88c15e87f09e853892e220c13694c3951,data/raw/wig20.csv,2068449fa9044aae9b8dd670428feb5e3e2fb7c35207f8d46027f83ee2cf5ce4,fd51a670a9a400310af368f6f4907399272b6d50,3.12.13,Linux-6.12.90+-x86_64-with-glibc2.35,0.1.0,2.12.1+cu130,auto,completed,2026-07-14T16:44:01.993179+00:00,2026-07-14T16:44:06.849199+00:00,4.850847075999809,outputs/batches/markets_indicators_recursive_h20/runs/wig20__naive_persistence__indicators__seed7/artifacts/20260714_164402,,
