run_id,market,model,feature_set,seed,config_sha256,aligned_warmup_rows,matched_plan_path
wig20__naive_persistence__close__seed1,wig20,naive_persistence,close,1,1850084e443e34f269e1eaac85b9fc49068b005013391776336887f9a50c0f96,33,outputs/batches/markets_matched_origins_rolling_recursive_h20/matched_origins/wig20_plan.csv
wig20__naive_persistence__close__seed7,wig20,naive_persistence,close,7,1e9e71f33992cd11c63e855b88990292b2c85a3f11cc0d65bd57cd4630b4f6e3,33,outputs/batches/markets_matched_origins_rolling_recursive_h20/matched_origins/wig20_plan.csv
wig20__naive_persistence__close__seed42,wig20,naive_persistence,close,42,3305b225c8edfcf4442c33c372c6fe5a0824d158850173a9c9d386dc3d3b9264,33,outputs/batches/markets_matched_origins_rolling_recursive_h20/matched_origins/wig20_plan.csv
wig20__naive_persistence__close__seed123,wig20,naive_persistence,close,123,ce980a0977e4ef50acab3bed720e28829bf3362798e2f3a49a5b672e6ac49654,33,outputs/batches/markets_matched_origins_rolling_recursive_h20/matched_origins/wig20_plan.csv
wig20__naive_persistence__close__seed2026,wig20,naive_persistence,close,2026,0098b90dc02d8b2168afd72208faf0a997431833e7b776e7ebfc3ef9ae60b9aa,33,outputs/batches/markets_matched_origins_rolling_recursive_h20/matched_origins/wig20_plan.csv
wig20__naive_persistence__indicators__seed1,wig20,naive_persistence,indicators,1,9d76d2244a29fe9c62100232ba77635195dc9aac810abc71add3c7d74b2f7ef1,33,outputs/batches/markets_matched_origins_rolling_recursive_h20/matched_origins/wig20_plan.csv
wig20__naive_persistence__indicators__seed7,wig20,naive_persistence,indicators,7,7c86cbed07461f68c33e3dbaf28b98a0e1edd5817efacd30086b23518ae2ac6d,33,outputs/batches/markets_matched_origins_rolling_recursive_h20/matched_origins/wig20_plan.csv
wig20__naive_persistence__indicators__seed42,wig20,naive_persistence,indicators,42,1f1041cbecbd2ca862c57bd34fe93b6951c95c53cb97d76e8651c00954aa88d6,33,outputs/batches/markets_matched_origins_rolling_recursive_h20/matched_origins/wig20_plan.csv
wig20__naive_persistence__indicators__seed123,wig20,naive_persistence,indicators,123,a5bf25ca4db6ee76925e780d8ae3ae2b8f6d479204dd570180e2622857f14167,33,outputs/batches/markets_matched_origins_rolling_recursive_h20/matched_origins/wig20_plan.csv
wig20__naive_persistence__indicators__seed2026,wig20,naive_persistence,indicators,2026,8ded63fdb575f55bcae21685fbb43d99020de5cd37f96dc106d43cd8c35dd5b7,33,outputs/batches/markets_matched_origins_rolling_recursive_h20/matched_origins/wig20_plan.csv
wig20__linear_regression__close__seed1,wig20,linear_regression,close,1,dd4925eeacf037763033368ee3de764846315b3bdacb61d6e0b6cc677abec323,33,outputs/batches/markets_matched_origins_rolling_recursive_h20/matched_origins/wig20_plan.csv
wig20__linear_regression__close__seed7,wig20,linear_regression,close,7,0e7cc0f10cd43808a74817ef705b81d008f8dfa64e07c26a2fed51acc9c69a04,33,outputs/batches/markets_matched_origins_rolling_recursive_h20/matched_origins/wig20_plan.csv
wig20__linear_regression__close__seed42,wig20,linear_regression,close,42,4f69720745d1eed27f1c2465a3e708820cca4560ee6684a477951479cb698a51,33,outputs/batches/markets_matched_origins_rolling_recursive_h20/matched_origins/wig20_plan.csv
wig20__linear_regression__close__seed123,wig20,linear_regression,close,123,1cd869e30e087e15eb2723d177eda5b376b1d252ddf5a84339074dad1842921f,33,outputs/batches/markets_matched_origins_rolling_recursive_h20/matched_origins/wig20_plan.csv
wig20__linear_regression__close__seed2026,wig20,linear_regression,close,2026,56fe1531f115c6d07522b7c1ffaff2f71632b78f40f82bb85980d9fc117d58a8,33,outputs/batches/markets_matched_origins_rolling_recursive_h20/matched_origins/wig20_plan.csv
wig20__linear_regression__indicators__seed1,wig20,linear_regression,indicators,1,28f25937cdfe6bf1bb787b721bb663e47980803771814697dc464d8c4ef0a278,33,outputs/batches/markets_matched_origins_rolling_recursive_h20/matched_origins/wig20_plan.csv
wig20__linear_regression__indicators__seed7,wig20,linear_regression,indicators,7,7938ee8c253870d2fc7f72a8ca5937dbaef80ae761144c638a8ab580bc858d7c,33,outputs/batches/markets_matched_origins_rolling_recursive_h20/matched_origins/wig20_plan.csv
wig20__linear_regression__indicators__seed42,wig20,linear_regression,indicators,42,0049db1262f4ec846cb90c6d6fe2fa1374b471f217b115beb9b0da80c5327a45,33,outputs/batches/markets_matched_origins_rolling_recursive_h20/matched_origins/wig20_plan.csv
wig20__linear_regression__indicators__seed123,wig20,linear_regression,indicators,123,f78176f999b03ecf47886708935b069641ea8645da8f12d9ff474a55c10dd8ec,33,outputs/batches/markets_matched_origins_rolling_recursive_h20/matched_origins/wig20_plan.csv
wig20__linear_regression__indicators__seed2026,wig20,linear_regression,indicators,2026,955182c1de64ae3bd7b4674987496d3aae8498eb2da4a6f338fed670bffd0a1b,33,outputs/batches/markets_matched_origins_rolling_recursive_h20/matched_origins/wig20_plan.csv
wig20__cnn1d__close__seed1,wig20,cnn1d,close,1,a8e589c63a6edbbf25a2665fcce8ffa85ba91042e13e64631cf877f2a773a96b,33,outputs/batches/markets_matched_origins_rolling_recursive_h20/matched_origins/wig20_plan.csv
wig20__cnn1d__close__seed7,wig20,cnn1d,close,7,a9c6658cc6e624a4c6039f1ed1fd4e7efe218c6464f883a15b0376b3e158959d,33,outputs/batches/markets_matched_origins_rolling_recursive_h20/matched_origins/wig20_plan.csv
wig20__cnn1d__close__seed42,wig20,cnn1d,close,42,b446fed46e5850e9afcc460c5e0ff3e22fbdbbe55539536915f6b6068a072268,33,outputs/batches/markets_matched_origins_rolling_recursive_h20/matched_origins/wig20_plan.csv
wig20__cnn1d__close__seed123,wig20,cnn1d,close,123,1d2408b7dc8495bd253abdd0c92a7f6fa5bbf6f926d4c9acdb0ff0c3294b0760,33,outputs/batches/markets_matched_origins_rolling_recursive_h20/matched_origins/wig20_plan.csv
wig20__cnn1d__close__seed2026,wig20,cnn1d,close,2026,a186aba8a3cab81c193626bfa7076b1be3d45c62c2047667827cfbb6c53d6c76,33,outputs/batches/markets_matched_origins_rolling_recursive_h20/matched_origins/wig20_plan.csv
wig20__cnn1d__indicators__seed1,wig20,cnn1d,indicators,1,ea56ca31aad2ae86f4c7046ca0aea7f431d956e1e930c26efc12c30382f70a21,33,outputs/batches/markets_matched_origins_rolling_recursive_h20/matched_origins/wig20_plan.csv
wig20__cnn1d__indicators__seed7,wig20,cnn1d,indicators,7,193371af6431c747e82f77f2c70bfb8ec336ccb4e8115c75f0f49565af44399d,33,outputs/batches/markets_matched_origins_rolling_recursive_h20/matched_origins/wig20_plan.csv
wig20__cnn1d__indicators__seed42,wig20,cnn1d,indicators,42,cc8125e4bf249a47f1f93f231583211141c3ae4fcf00bb708fdadd381d897a91,33,outputs/batches/markets_matched_origins_rolling_recursive_h20/matched_origins/wig20_plan.csv
wig20__cnn1d__indicators__seed123,wig20,cnn1d,indicators,123,ebb432678c9459e152957174a4c64cb2933d4b85ef6be8f337d3a73bb072b8d0,33,outputs/batches/markets_matched_origins_rolling_recursive_h20/matched_origins/wig20_plan.csv
wig20__cnn1d__indicators__seed2026,wig20,cnn1d,indicators,2026,c2b1756a1b41a09b72da468dcae1baf740647302f8f40ad852c57b25f106bf38,33,outputs/batches/markets_matched_origins_rolling_recursive_h20/matched_origins/wig20_plan.csv
wig20__mlp__close__seed1,wig20,mlp,close,1,02ef4915a783bd6fa79a3cbf13b264d71f727edda37c7a3e9a7c340bb8eebb8b,33,outputs/batches/markets_matched_origins_rolling_recursive_h20/matched_origins/wig20_plan.csv
wig20__mlp__close__seed7,wig20,mlp,close,7,23aec0a093873f7129be4217f6455cbdd500888e6d4053f715caf1acd0a1abcb,33,outputs/batches/markets_matched_origins_rolling_recursive_h20/matched_origins/wig20_plan.csv
wig20__mlp__close__seed42,wig20,mlp,close,42,9cc1183aa908ce052d67c466b8da2a4eb2c1f263565fdb0f8020b89efdc39066,33,outputs/batches/markets_matched_origins_rolling_recursive_h20/matched_origins/wig20_plan.csv
wig20__mlp__close__seed123,wig20,mlp,close,123,5a4b00d8a950175214cd5f2b9a40f8549cda69b2c044cec0749456c564172181,33,outputs/batches/markets_matched_origins_rolling_recursive_h20/matched_origins/wig20_plan.csv
wig20__mlp__close__seed2026,wig20,mlp,close,2026,3af6b92cd6a27a63ef4e09c826ce35952ef24f40c56870513ae52e49787cc38c,33,outputs/batches/markets_matched_origins_rolling_recursive_h20/matched_origins/wig20_plan.csv
wig20__mlp__indicators__seed1,wig20,mlp,indicators,1,6ef3ac2c789a4b339a0b17dd09af40fac71779222437d11ae3b90081f34ccd69,33,outputs/batches/markets_matched_origins_rolling_recursive_h20/matched_origins/wig20_plan.csv
wig20__mlp__indicators__seed7,wig20,mlp,indicators,7,9a65fb4cf64baf8574c08be46529877dbd9e822259810bdde895589eaaf1c1e2,33,outputs/batches/markets_matched_origins_rolling_recursive_h20/matched_origins/wig20_plan.csv
wig20__mlp__indicators__seed42,wig20,mlp,indicators,42,96eb3864237745d609e2907a1e82220d1ad7babc7b2cb412d50bb6967c18dc2a,33,outputs/batches/markets_matched_origins_rolling_recursive_h20/matched_origins/wig20_plan.csv
wig20__mlp__indicators__seed123,wig20,mlp,indicators,123,9a0a27f30aca25f670725f203377b72cd9e5a02960e2cc384b69efcc3d522e43,33,outputs/batches/markets_matched_origins_rolling_recursive_h20/matched_origins/wig20_plan.csv
wig20__mlp__indicators__seed2026,wig20,mlp,indicators,2026,564e2ec9597471403bdf201ddc8545dca92ead021cb8aea887c7dc67413176e4,33,outputs/batches/markets_matched_origins_rolling_recursive_h20/matched_origins/wig20_plan.csv
wig20__lstm_gru__close__seed1,wig20,lstm_gru,close,1,5f96e64066ef6b819ae1f0f9c26eabb1ba5584a7dc304102d1d50e38e306d1fc,33,outputs/batches/markets_matched_origins_rolling_recursive_h20/matched_origins/wig20_plan.csv
wig20__lstm_gru__close__seed7,wig20,lstm_gru,close,7,2bfa2720539acf89016525d9e7b5546fbc2577d95dc09dd816c69d08294c6fa3,33,outputs/batches/markets_matched_origins_rolling_recursive_h20/matched_origins/wig20_plan.csv
wig20__lstm_gru__close__seed42,wig20,lstm_gru,close,42,500833c0d30a7c81a1777e70501a61ecbbc1b84eed6b33b34654bd7f4816c104,33,outputs/batches/markets_matched_origins_rolling_recursive_h20/matched_origins/wig20_plan.csv
wig20__lstm_gru__close__seed123,wig20,lstm_gru,close,123,104dc839eae61155e090d1766f3f3212950dfc55f940de0504512089bdd94370,33,outputs/batches/markets_matched_origins_rolling_recursive_h20/matched_origins/wig20_plan.csv
wig20__lstm_gru__close__seed2026,wig20,lstm_gru,close,2026,7927d281e82c4779c2cc99c019bf5ab906bd1830f336f5870de239671cf20d7c,33,outputs/batches/markets_matched_origins_rolling_recursive_h20/matched_origins/wig20_plan.csv
wig20__lstm_gru__indicators__seed1,wig20,lstm_gru,indicators,1,0b62e93af817b1bba2b90f927cea9b6dd226d829d70d263709ef7398797aac43,33,outputs/batches/markets_matched_origins_rolling_recursive_h20/matched_origins/wig20_plan.csv
wig20__lstm_gru__indicators__seed7,wig20,lstm_gru,indicators,7,51d4908350b21e9fb10c179c6c8496185e1a0fdb1aad3c59d2b72f3b93793a89,33,outputs/batches/markets_matched_origins_rolling_recursive_h20/matched_origins/wig20_plan.csv
wig20__lstm_gru__indicators__seed42,wig20,lstm_gru,indicators,42,6f0944be39ebc11c4341e8059c9f711b180fa8fa88238a83a66a16a9eb3cdd39,33,outputs/batches/markets_matched_origins_rolling_recursive_h20/matched_origins/wig20_plan.csv
wig20__lstm_gru__indicators__seed123,wig20,lstm_gru,indicators,123,b14efddf3dd03f47e24d73b148fa6ebe48b0c3ede4c540e25d46eaa64aca2ec0,33,outputs/batches/markets_matched_origins_rolling_recursive_h20/matched_origins/wig20_plan.csv
wig20__lstm_gru__indicators__seed2026,wig20,lstm_gru,indicators,2026,10da04aa2f537ad524839651a385f932b8ddc2760e47510ab5922e4bbc8aaeb9,33,outputs/batches/markets_matched_origins_rolling_recursive_h20/matched_origins/wig20_plan.csv
wig20__dnfs__close__seed1,wig20,dnfs,close,1,9c9870f9185b705c1cce6de3638051738475d55c04fcc0f19edac4c9b962c4da,33,outputs/batches/markets_matched_origins_rolling_recursive_h20/matched_origins/wig20_plan.csv
wig20__dnfs__close__seed7,wig20,dnfs,close,7,120c398da4e263c500f29f61f428324c0a51ce286687351f8605b738dbde4af3,33,outputs/batches/markets_matched_origins_rolling_recursive_h20/matched_origins/wig20_plan.csv
wig20__dnfs__close__seed42,wig20,dnfs,close,42,9a3bc7f7e6320d2c3f7660c13310f9293b064174d7bcb25c3219c4ca8992da9a,33,outputs/batches/markets_matched_origins_rolling_recursive_h20/matched_origins/wig20_plan.csv
wig20__dnfs__close__seed123,wig20,dnfs,close,123,979bc1ce3dd50cafb55ead37a315e7d21c4b8eb62e93f5b4a2232781c57cb9c1,33,outputs/batches/markets_matched_origins_rolling_recursive_h20/matched_origins/wig20_plan.csv
wig20__dnfs__close__seed2026,wig20,dnfs,close,2026,922888e188e945a95b224385b039ecec94b715b3814070922d7440ce33e182ba,33,outputs/batches/markets_matched_origins_rolling_recursive_h20/matched_origins/wig20_plan.csv
wig20__dnfs__indicators__seed1,wig20,dnfs,indicators,1,90e6e463fda06e1a50fc9c7d57322aec18f0e106cffcd09cc5ef70950fc6ccb8,33,outputs/batches/markets_matched_origins_rolling_recursive_h20/matched_origins/wig20_plan.csv
wig20__dnfs__indicators__seed7,wig20,dnfs,indicators,7,f5b52b8f2a0302e96d5ca3543386ca7810a4f9f8f8cd3c56645a105b5b53c545,33,outputs/batches/markets_matched_origins_rolling_recursive_h20/matched_origins/wig20_plan.csv
wig20__dnfs__indicators__seed42,wig20,dnfs,indicators,42,d6aada64c1955704180f3180e71796cca0fdd19c76089f9c748979e6d0f2d40b,33,outputs/batches/markets_matched_origins_rolling_recursive_h20/matched_origins/wig20_plan.csv
wig20__dnfs__indicators__seed123,wig20,dnfs,indicators,123,96e0be740e33161806a08c2913da3840f288513c8556d8ee389f34116ba57a0e,33,outputs/batches/markets_matched_origins_rolling_recursive_h20/matched_origins/wig20_plan.csv
wig20__dnfs__indicators__seed2026,wig20,dnfs,indicators,2026,2c289d6d51206c1d7d54a13bf310f03db2b2dc1b89380c66c5f17263bd589c9d,33,outputs/batches/markets_matched_origins_rolling_recursive_h20/matched_origins/wig20_plan.csv
sp500__naive_persistence__close__seed1,sp500,naive_persistence,close,1,00505673d06682e7e7e42d5a3ca12667bd21316a2d13d65f72b6aab10535a6be,33,outputs/batches/markets_matched_origins_rolling_recursive_h20/matched_origins/sp500_plan.csv
sp500__naive_persistence__close__seed7,sp500,naive_persistence,close,7,0cb974e1a1824849f898542aebdcc3152321a5ad59b14a07897bb92247a9a39d,33,outputs/batches/markets_matched_origins_rolling_recursive_h20/matched_origins/sp500_plan.csv
sp500__naive_persistence__close__seed42,sp500,naive_persistence,close,42,51ee6279567c650757286b53618d9a649158f243e3af6708b2d53629347172be,33,outputs/batches/markets_matched_origins_rolling_recursive_h20/matched_origins/sp500_plan.csv
sp500__naive_persistence__close__seed123,sp500,naive_persistence,close,123,a54c651fa7655710aa7ae40a966dac827a5033cc502af0d09fe50cfd245ffb25,33,outputs/batches/markets_matched_origins_rolling_recursive_h20/matched_origins/sp500_plan.csv
sp500__naive_persistence__close__seed2026,sp500,naive_persistence,close,2026,c8327566c2c4610ce2f17a9f44355b2900a3f14b65d36a610bb9b97187dd78b1,33,outputs/batches/markets_matched_origins_rolling_recursive_h20/matched_origins/sp500_plan.csv
sp500__naive_persistence__indicators__seed1,sp500,naive_persistence,indicators,1,251e19c7c915678b71e411ce8cc1de06e972cfaf29ded42694e65230b80a3329,33,outputs/batches/markets_matched_origins_rolling_recursive_h20/matched_origins/sp500_plan.csv
sp500__naive_persistence__indicators__seed7,sp500,naive_persistence,indicators,7,79cd80c19e31aa66949e0f4beabd5be9dc7fc6b3e80c2b38f7a2711e18edd7ea,33,outputs/batches/markets_matched_origins_rolling_recursive_h20/matched_origins/sp500_plan.csv
sp500__naive_persistence__indicators__seed42,sp500,naive_persistence,indicators,42,6c187bd17d3089c15b0d91fd16ae87ba6bd0ee1788278470024eecf470f23dfe,33,outputs/batches/markets_matched_origins_rolling_recursive_h20/matched_origins/sp500_plan.csv
sp500__naive_persistence__indicators__seed123,sp500,naive_persistence,indicators,123,91889897780e95f7925a5c6d555c6a0b9b95cfd340348cd384b7a011ec953b33,33,outputs/batches/markets_matched_origins_rolling_recursive_h20/matched_origins/sp500_plan.csv
sp500__naive_persistence__indicators__seed2026,sp500,naive_persistence,indicators,2026,df6e092817f3d467df6380746a6bd44877eb1555b1f7bcbab1795c29339256fa,33,outputs/batches/markets_matched_origins_rolling_recursive_h20/matched_origins/sp500_plan.csv
sp500__linear_regression__close__seed1,sp500,linear_regression,close,1,b818109adb5d9a9c5f0ab3fc388acc2019604162a17c7d338eb84d200601106d,33,outputs/batches/markets_matched_origins_rolling_recursive_h20/matched_origins/sp500_plan.csv
sp500__linear_regression__close__seed7,sp500,linear_regression,close,7,87ee04616de090896a9866c8cd7b3acea7f95895e3cf9ad3e9ba5e54d255f0dd,33,outputs/batches/markets_matched_origins_rolling_recursive_h20/matched_origins/sp500_plan.csv
sp500__linear_regression__close__seed42,sp500,linear_regression,close,42,3ba91320faa2d1023377d26121a80c33fd0db69d1317017ae9c9fe59cf7eeba1,33,outputs/batches/markets_matched_origins_rolling_recursive_h20/matched_origins/sp500_plan.csv
sp500__linear_regression__close__seed123,sp500,linear_regression,close,123,23f762eaba1830fe2abdefb97710fba26ba6e40a41aeb059ea00a842e7e98c10,33,outputs/batches/markets_matched_origins_rolling_recursive_h20/matched_origins/sp500_plan.csv
sp500__linear_regression__close__seed2026,sp500,linear_regression,close,2026,e4f5a42399a4fe1ae2f783c73f5c426d68f7918281c9f61c8f25a9de44c75b9d,33,outputs/batches/markets_matched_origins_rolling_recursive_h20/matched_origins/sp500_plan.csv
sp500__linear_regression__indicators__seed1,sp500,linear_regression,indicators,1,4db997b2f5b2c129f864e8a3be8a09bba0b29925114013b0d48c90927059a3b5,33,outputs/batches/markets_matched_origins_rolling_recursive_h20/matched_origins/sp500_plan.csv
sp500__linear_regression__indicators__seed7,sp500,linear_regression,indicators,7,8812e30c884a35b725f650c90487de30731ba1bee65a1ecd9bef2e9caba37388,33,outputs/batches/markets_matched_origins_rolling_recursive_h20/matched_origins/sp500_plan.csv
sp500__linear_regression__indicators__seed42,sp500,linear_regression,indicators,42,e42175ba043dae462691465065d32d466ec125bdd1b0db5b85c2719015613dda,33,outputs/batches/markets_matched_origins_rolling_recursive_h20/matched_origins/sp500_plan.csv
sp500__linear_regression__indicators__seed123,sp500,linear_regression,indicators,123,0a9e9f46102fbd750391e42966f3137c835e0a282abb1d3c4c078ef7cac8f1af,33,outputs/batches/markets_matched_origins_rolling_recursive_h20/matched_origins/sp500_plan.csv
sp500__linear_regression__indicators__seed2026,sp500,linear_regression,indicators,2026,9515af140de764dd66fa70848a4f1177d8c5c980ef6722d68e3bbfa2cd47e2e1,33,outputs/batches/markets_matched_origins_rolling_recursive_h20/matched_origins/sp500_plan.csv
sp500__cnn1d__close__seed1,sp500,cnn1d,close,1,49525538545afa16aa3109beeb7f691b364b388e2e1f51951d4afffa47db4805,33,outputs/batches/markets_matched_origins_rolling_recursive_h20/matched_origins/sp500_plan.csv
sp500__cnn1d__close__seed7,sp500,cnn1d,close,7,19a18788605b2d0bc080b9e4fffda8ff94ef52054f64efd7c22df0791c45f8c2,33,outputs/batches/markets_matched_origins_rolling_recursive_h20/matched_origins/sp500_plan.csv
sp500__cnn1d__close__seed42,sp500,cnn1d,close,42,03c786d99e08b96442de20e1c845d6a5102e8db8da3a2792c900a2b0a35b8597,33,outputs/batches/markets_matched_origins_rolling_recursive_h20/matched_origins/sp500_plan.csv
sp500__cnn1d__close__seed123,sp500,cnn1d,close,123,197a42b2c55f7a2c6dff37b6ae6de6fd6f251371353d54bc350470b1a97dcda4,33,outputs/batches/markets_matched_origins_rolling_recursive_h20/matched_origins/sp500_plan.csv
sp500__cnn1d__close__seed2026,sp500,cnn1d,close,2026,19ea43d3363598df5eb8323e372af02701fa6b24d4bdcba72d88d682dc147b90,33,outputs/batches/markets_matched_origins_rolling_recursive_h20/matched_origins/sp500_plan.csv
sp500__cnn1d__indicators__seed1,sp500,cnn1d,indicators,1,ce537d686d9506a4230717f97d3480fc049c72212cc344325cd32a530b2c0eef,33,outputs/batches/markets_matched_origins_rolling_recursive_h20/matched_origins/sp500_plan.csv
sp500__cnn1d__indicators__seed7,sp500,cnn1d,indicators,7,24adde70f7c81e5edae0873eb3393914ac6ea9cb206eeffd8270fcfbfe84017d,33,outputs/batches/markets_matched_origins_rolling_recursive_h20/matched_origins/sp500_plan.csv
sp500__cnn1d__indicators__seed42,sp500,cnn1d,indicators,42,ac45dc13744dbe02b5c7f248703f18a5060e4fb40ba86998b46e6a9e7df4434d,33,outputs/batches/markets_matched_origins_rolling_recursive_h20/matched_origins/sp500_plan.csv
sp500__cnn1d__indicators__seed123,sp500,cnn1d,indicators,123,ebef31e98586034fc8718afffc91cb1c1aad43f967392960df2bfbbad430dd25,33,outputs/batches/markets_matched_origins_rolling_recursive_h20/matched_origins/sp500_plan.csv
sp500__cnn1d__indicators__seed2026,sp500,cnn1d,indicators,2026,222cedc5ce69747db6197a37b207b4b075efedc047dcaf815814075e01ad3256,33,outputs/batches/markets_matched_origins_rolling_recursive_h20/matched_origins/sp500_plan.csv
sp500__mlp__close__seed1,sp500,mlp,close,1,e14ecb0fed54ab893b027e09a546baf0dac8a5b037cb6b9e10b1bc33ca3853da,33,outputs/batches/markets_matched_origins_rolling_recursive_h20/matched_origins/sp500_plan.csv
sp500__mlp__close__seed7,sp500,mlp,close,7,6850c50ebcc1a593b0b59c482485747ef86841d0ec7d418c1e56eda0a9a18e6c,33,outputs/batches/markets_matched_origins_rolling_recursive_h20/matched_origins/sp500_plan.csv
sp500__mlp__close__seed42,sp500,mlp,close,42,c21da2b60191134d58be6a5c238024c376d2194dc20c0bce19c3d22148904df5,33,outputs/batches/markets_matched_origins_rolling_recursive_h20/matched_origins/sp500_plan.csv
sp500__mlp__close__seed123,sp500,mlp,close,123,3857490149b7ac0aa044d349cbdba681578a028c978d456918800fd3271df0a3,33,outputs/batches/markets_matched_origins_rolling_recursive_h20/matched_origins/sp500_plan.csv
sp500__mlp__close__seed2026,sp500,mlp,close,2026,41f92943cb6fb68a38f9cb9993bf7c833ed0962ab6842526b1adf0e45282b90c,33,outputs/batches/markets_matched_origins_rolling_recursive_h20/matched_origins/sp500_plan.csv
sp500__mlp__indicators__seed1,sp500,mlp,indicators,1,2cfb98618de7299d33c50e74927b198f6eb7550a36cd4efdfa804c4f190d10f1,33,outputs/batches/markets_matched_origins_rolling_recursive_h20/matched_origins/sp500_plan.csv
sp500__mlp__indicators__seed7,sp500,mlp,indicators,7,86514343b97e6581bf473604d260ecf3c4038e4b37c4bcba90763d52d069a7f3,33,outputs/batches/markets_matched_origins_rolling_recursive_h20/matched_origins/sp500_plan.csv
sp500__mlp__indicators__seed42,sp500,mlp,indicators,42,2808ca3cc206e974244c2eb8dba35225d4927ec07902e686e1289b1dc8a41b72,33,outputs/batches/markets_matched_origins_rolling_recursive_h20/matched_origins/sp500_plan.csv
sp500__mlp__indicators__seed123,sp500,mlp,indicators,123,4bedc29e9628be812e4aca5f70df9355a1169d0fe7e4f753264a9dd48607eb91,33,outputs/batches/markets_matched_origins_rolling_recursive_h20/matched_origins/sp500_plan.csv
sp500__mlp__indicators__seed2026,sp500,mlp,indicators,2026,320b1f56f20ea79ebfcc8578a3dbbf7b9054339967bd7858e24e04f1d1299bf7,33,outputs/batches/markets_matched_origins_rolling_recursive_h20/matched_origins/sp500_plan.csv
sp500__lstm_gru__close__seed1,sp500,lstm_gru,close,1,a173008b5439b8d943ce9adbc97f1e0a429f42fd5bf3489d2378bbe2badaaa59,33,outputs/batches/markets_matched_origins_rolling_recursive_h20/matched_origins/sp500_plan.csv
sp500__lstm_gru__close__seed7,sp500,lstm_gru,close,7,051c3e04131122d70aa149a818e7a77b873dc846b58032d55de182d38c837683,33,outputs/batches/markets_matched_origins_rolling_recursive_h20/matched_origins/sp500_plan.csv
sp500__lstm_gru__close__seed42,sp500,lstm_gru,close,42,bda1ee6f3e1354fdc8f57a0ab637379baaf1b999c363f471a884639a95fdcf94,33,outputs/batches/markets_matched_origins_rolling_recursive_h20/matched_origins/sp500_plan.csv
sp500__lstm_gru__close__seed123,sp500,lstm_gru,close,123,ad7acbbc3884c8f3c72e186022886880d4ce6d85ea3df2dee4631a26dc2e04f2,33,outputs/batches/markets_matched_origins_rolling_recursive_h20/matched_origins/sp500_plan.csv
sp500__lstm_gru__close__seed2026,sp500,lstm_gru,close,2026,35178980625656a51a16993d3d623b965e117da339357ee27a366ecca040a906,33,outputs/batches/markets_matched_origins_rolling_recursive_h20/matched_origins/sp500_plan.csv
sp500__lstm_gru__indicators__seed1,sp500,lstm_gru,indicators,1,cc0e4b8e1f0203a91d5ecd3a176ebf750ea67f4e519000538fc246f88bfc7705,33,outputs/batches/markets_matched_origins_rolling_recursive_h20/matched_origins/sp500_plan.csv
sp500__lstm_gru__indicators__seed7,sp500,lstm_gru,indicators,7,45da3db02d703fde0d3e66058f5630496ef1f72fd30f0813771e8ffe3274a18e,33,outputs/batches/markets_matched_origins_rolling_recursive_h20/matched_origins/sp500_plan.csv
sp500__lstm_gru__indicators__seed42,sp500,lstm_gru,indicators,42,8cc9fcda937f6cf700cf5373226392e73bbf33c9f48a1e3d6d770194f199c296,33,outputs/batches/markets_matched_origins_rolling_recursive_h20/matched_origins/sp500_plan.csv
sp500__lstm_gru__indicators__seed123,sp500,lstm_gru,indicators,123,c42dd8b7639a179941bbe2668e8ad20bc806eaf389bdf6a08e40c01315e44c1b,33,outputs/batches/markets_matched_origins_rolling_recursive_h20/matched_origins/sp500_plan.csv
sp500__lstm_gru__indicators__seed2026,sp500,lstm_gru,indicators,2026,e4996c3e9fcaecc5b86ef5d6023c2fac878774c619306baf9aa77bdcb55ea0e0,33,outputs/batches/markets_matched_origins_rolling_recursive_h20/matched_origins/sp500_plan.csv
sp500__dnfs__close__seed1,sp500,dnfs,close,1,54fa3e6f916f2ed104d88aa3877fb56cf43253bac07bf7556e6bcb47529edde4,33,outputs/batches/markets_matched_origins_rolling_recursive_h20/matched_origins/sp500_plan.csv
sp500__dnfs__close__seed7,sp500,dnfs,close,7,2376322c756d25119688d45d1e078a84dfff836f7863dad542fc80d709f6adb5,33,outputs/batches/markets_matched_origins_rolling_recursive_h20/matched_origins/sp500_plan.csv
sp500__dnfs__close__seed42,sp500,dnfs,close,42,69a1cd9a7dc69f8f0f01eac2f6252e473c1b3e2a27338981ac57b903582a6b1d,33,outputs/batches/markets_matched_origins_rolling_recursive_h20/matched_origins/sp500_plan.csv
sp500__dnfs__close__seed123,sp500,dnfs,close,123,b6d29c141e577ffc976351bd87d843650b804f4839942fb99898d86393375e48,33,outputs/batches/markets_matched_origins_rolling_recursive_h20/matched_origins/sp500_plan.csv
sp500__dnfs__close__seed2026,sp500,dnfs,close,2026,e3df492ddfe3d41cee849cdea45f60e482f47ef9537dedfc7cecd19c16508d37,33,outputs/batches/markets_matched_origins_rolling_recursive_h20/matched_origins/sp500_plan.csv
sp500__dnfs__indicators__seed1,sp500,dnfs,indicators,1,f8a0389bf218a00ce8d0d15e91d5e6ab09da9651ff02361c070e31031015e5b7,33,outputs/batches/markets_matched_origins_rolling_recursive_h20/matched_origins/sp500_plan.csv
sp500__dnfs__indicators__seed7,sp500,dnfs,indicators,7,93dca791d9e77ee1edbd388f977eb6d88039bfaaf95247dfdd5ab066817b006a,33,outputs/batches/markets_matched_origins_rolling_recursive_h20/matched_origins/sp500_plan.csv
sp500__dnfs__indicators__seed42,sp500,dnfs,indicators,42,a2e83cb906b34b06c27050bf8648eea36c59abde8d0dcc4863e1422fc8c475d9,33,outputs/batches/markets_matched_origins_rolling_recursive_h20/matched_origins/sp500_plan.csv
sp500__dnfs__indicators__seed123,sp500,dnfs,indicators,123,875391469d81f185b0153df84185310af3f36dede8ea5282d21596c901fd3f2c,33,outputs/batches/markets_matched_origins_rolling_recursive_h20/matched_origins/sp500_plan.csv
sp500__dnfs__indicators__seed2026,sp500,dnfs,indicators,2026,4d0675b4377d09fe925fc2822334117e4bc85b60ed86d01ef9932c9962496279,33,outputs/batches/markets_matched_origins_rolling_recursive_h20/matched_origins/sp500_plan.csv
bist100__naive_persistence__close__seed1,bist100,naive_persistence,close,1,61c9b0450bf751d95fb1963ee3c04e99637f20d78283884edbba74a4e99940b0,33,outputs/batches/markets_matched_origins_rolling_recursive_h20/matched_origins/bist100_plan.csv
bist100__naive_persistence__close__seed7,bist100,naive_persistence,close,7,0040be3b98ce0e70a27dccf856ac052c24a0a980e26ed03c9275fc0df2d41e05,33,outputs/batches/markets_matched_origins_rolling_recursive_h20/matched_origins/bist100_plan.csv
bist100__naive_persistence__close__seed42,bist100,naive_persistence,close,42,fd30b93e9502b0f8711c5f20dae5d45d4b7bc5638052e151ad1b447ed7353377,33,outputs/batches/markets_matched_origins_rolling_recursive_h20/matched_origins/bist100_plan.csv
bist100__naive_persistence__close__seed123,bist100,naive_persistence,close,123,f02fcaa0e80db3b88ccfa3f40a69075de42f4c04df63ada2d11600b1d29438ba,33,outputs/batches/markets_matched_origins_rolling_recursive_h20/matched_origins/bist100_plan.csv
bist100__naive_persistence__close__seed2026,bist100,naive_persistence,close,2026,db01afbfb6ed835f2d60467674b6787c7f0fe03779cacc180e5648448fd75dc9,33,outputs/batches/markets_matched_origins_rolling_recursive_h20/matched_origins/bist100_plan.csv
bist100__naive_persistence__indicators__seed1,bist100,naive_persistence,indicators,1,97b3c9b48f556b1380316c7f19a262e331560eacac657ede8f91dda680176152,33,outputs/batches/markets_matched_origins_rolling_recursive_h20/matched_origins/bist100_plan.csv
bist100__naive_persistence__indicators__seed7,bist100,naive_persistence,indicators,7,e4c570b8b9701266154a5598f91d1d033e4fb875a74a6ff3b32ff494225cf8d8,33,outputs/batches/markets_matched_origins_rolling_recursive_h20/matched_origins/bist100_plan.csv
bist100__naive_persistence__indicators__seed42,bist100,naive_persistence,indicators,42,aa7e0a6acc5475f59210dd5de7ce846800f8cffd15e3178baadf0acb3d54fa91,33,outputs/batches/markets_matched_origins_rolling_recursive_h20/matched_origins/bist100_plan.csv
bist100__naive_persistence__indicators__seed123,bist100,naive_persistence,indicators,123,fc9fef38853dec56791bc948f218143d4071cddadd4367755c6191d5f0d889d7,33,outputs/batches/markets_matched_origins_rolling_recursive_h20/matched_origins/bist100_plan.csv
bist100__naive_persistence__indicators__seed2026,bist100,naive_persistence,indicators,2026,f9aa8ccfea4b4f72aef70194e64f3fa28145af865751b31c826b0aa86cda73da,33,outputs/batches/markets_matched_origins_rolling_recursive_h20/matched_origins/bist100_plan.csv
bist100__linear_regression__close__seed1,bist100,linear_regression,close,1,86c39cd0f19b7df78f52434dd2f233b7f4e3b1566e8d424ad63914e393a5fee3,33,outputs/batches/markets_matched_origins_rolling_recursive_h20/matched_origins/bist100_plan.csv
bist100__linear_regression__close__seed7,bist100,linear_regression,close,7,eade8c9fa95fab623e602cae62d88585137640a3ed92a7a40666d58fdd091635,33,outputs/batches/markets_matched_origins_rolling_recursive_h20/matched_origins/bist100_plan.csv
bist100__linear_regression__close__seed42,bist100,linear_regression,close,42,a0c2374f9b28a770cf5075a05b8360c9f904a67935ff89e5ffa38f88d641476f,33,outputs/batches/markets_matched_origins_rolling_recursive_h20/matched_origins/bist100_plan.csv
bist100__linear_regression__close__seed123,bist100,linear_regression,close,123,f2d30a0a0f36faa39e3619e2bb080fcd6350c0bf0f53af481cedbb8efd52fb12,33,outputs/batches/markets_matched_origins_rolling_recursive_h20/matched_origins/bist100_plan.csv
bist100__linear_regression__close__seed2026,bist100,linear_regression,close,2026,7ee66a8c6589e7e5f614be447a909b404bf58e5d64a0c46477ae89f6a98b8eed,33,outputs/batches/markets_matched_origins_rolling_recursive_h20/matched_origins/bist100_plan.csv
bist100__linear_regression__indicators__seed1,bist100,linear_regression,indicators,1,0010a046833c842767c2ec0f044ebe1c56afb5fa5152d779a023ad7a602c84a3,33,outputs/batches/markets_matched_origins_rolling_recursive_h20/matched_origins/bist100_plan.csv
bist100__linear_regression__indicators__seed7,bist100,linear_regression,indicators,7,e98e313e753c72e1722586ec6899360d9a503f0b032465c29cfc594525d06550,33,outputs/batches/markets_matched_origins_rolling_recursive_h20/matched_origins/bist100_plan.csv
bist100__linear_regression__indicators__seed42,bist100,linear_regression,indicators,42,304988586b7f424fa790056a97e7fccf145a978e205d1878576b3742025f49d5,33,outputs/batches/markets_matched_origins_rolling_recursive_h20/matched_origins/bist100_plan.csv
bist100__linear_regression__indicators__seed123,bist100,linear_regression,indicators,123,aead3e20e72231a6c49d8a1e6b28d5c1fd5429d2219e0afda8db3282e78099fd,33,outputs/batches/markets_matched_origins_rolling_recursive_h20/matched_origins/bist100_plan.csv
bist100__linear_regression__indicators__seed2026,bist100,linear_regression,indicators,2026,1740a5185f168ac8c7bf7328c2e139aa65e5ec838bdb564f7afa89a4ab8843ee,33,outputs/batches/markets_matched_origins_rolling_recursive_h20/matched_origins/bist100_plan.csv
bist100__cnn1d__close__seed1,bist100,cnn1d,close,1,a0b59d3f645c691aeb36fb00a2fafd26dd43680f079f46f7f6a4d0221a2547b6,33,outputs/batches/markets_matched_origins_rolling_recursive_h20/matched_origins/bist100_plan.csv
bist100__cnn1d__close__seed7,bist100,cnn1d,close,7,1e13763b6c80b2ab2d0fe6e5ace3616755bc9b03751be927ce4121e6e02aa738,33,outputs/batches/markets_matched_origins_rolling_recursive_h20/matched_origins/bist100_plan.csv
bist100__cnn1d__close__seed42,bist100,cnn1d,close,42,3078fdf604885c54d7dfe07ac00a20e782604660f5dfed6fc7df510265d557d3,33,outputs/batches/markets_matched_origins_rolling_recursive_h20/matched_origins/bist100_plan.csv
bist100__cnn1d__close__seed123,bist100,cnn1d,close,123,84ce5c5f79eb2a3755fa2a1ce431ea40e0769b004947b6481e03102296605973,33,outputs/batches/markets_matched_origins_rolling_recursive_h20/matched_origins/bist100_plan.csv
bist100__cnn1d__close__seed2026,bist100,cnn1d,close,2026,e0a53a70baeae07666c4ae2d5df95282e7b4e280413d103d3c6d5c2a9146e92a,33,outputs/batches/markets_matched_origins_rolling_recursive_h20/matched_origins/bist100_plan.csv
bist100__cnn1d__indicators__seed1,bist100,cnn1d,indicators,1,8e7b4104d42f899a724b2a63cd9bb58d03d7d0cb7539533da43a67ce984d6f57,33,outputs/batches/markets_matched_origins_rolling_recursive_h20/matched_origins/bist100_plan.csv
bist100__cnn1d__indicators__seed7,bist100,cnn1d,indicators,7,947b5c39d1c39bbfa627353c733af76a52b2a1c3b388180adf82e5b75d115c2f,33,outputs/batches/markets_matched_origins_rolling_recursive_h20/matched_origins/bist100_plan.csv
bist100__cnn1d__indicators__seed42,bist100,cnn1d,indicators,42,ae250dd2449243b4a4657dfaa1989ba16fd3fc5a722500cd3e5652a53912e0b7,33,outputs/batches/markets_matched_origins_rolling_recursive_h20/matched_origins/bist100_plan.csv
bist100__cnn1d__indicators__seed123,bist100,cnn1d,indicators,123,7d579dfb448ee7f773a70e92e16e27bbbd77431c3349392068d5dcd64f60ff6d,33,outputs/batches/markets_matched_origins_rolling_recursive_h20/matched_origins/bist100_plan.csv
bist100__cnn1d__indicators__seed2026,bist100,cnn1d,indicators,2026,f307292a018efe29e118746ae04a4f627ee77274fe92e1b810d324543b61e920,33,outputs/batches/markets_matched_origins_rolling_recursive_h20/matched_origins/bist100_plan.csv
bist100__mlp__close__seed1,bist100,mlp,close,1,519fa0be8d818abb505d7ef9ca48c103e03d363c51e6b430983842867fdfe4ce,33,outputs/batches/markets_matched_origins_rolling_recursive_h20/matched_origins/bist100_plan.csv
bist100__mlp__close__seed7,bist100,mlp,close,7,6d8e926c83a7553bf00aa80aa96c26f9c633e719df2c78706370fdb365e9e1c8,33,outputs/batches/markets_matched_origins_rolling_recursive_h20/matched_origins/bist100_plan.csv
bist100__mlp__close__seed42,bist100,mlp,close,42,4fc569202961fb9f286bb02a9e67ffa7ce2588f3ff2a3b4a440643ec24d8e8d5,33,outputs/batches/markets_matched_origins_rolling_recursive_h20/matched_origins/bist100_plan.csv
bist100__mlp__close__seed123,bist100,mlp,close,123,133fdb3686e2c6f9ea83b58718cf10893441f91ff7256ac626632ef918334831,33,outputs/batches/markets_matched_origins_rolling_recursive_h20/matched_origins/bist100_plan.csv
bist100__mlp__close__seed2026,bist100,mlp,close,2026,eede54268d75e78edf30b345e55b53f003017ccf04193e4f8c76f72dd8ef6d7b,33,outputs/batches/markets_matched_origins_rolling_recursive_h20/matched_origins/bist100_plan.csv
bist100__mlp__indicators__seed1,bist100,mlp,indicators,1,65ae53bba20b83f799df09111d5bf12044e60d36034eca7852567e34a98eb12e,33,outputs/batches/markets_matched_origins_rolling_recursive_h20/matched_origins/bist100_plan.csv
bist100__mlp__indicators__seed7,bist100,mlp,indicators,7,01183a2b26795e903d86156f118b60b99f9509ca990b737c840a46a3406fc8a4,33,outputs/batches/markets_matched_origins_rolling_recursive_h20/matched_origins/bist100_plan.csv
bist100__mlp__indicators__seed42,bist100,mlp,indicators,42,8511a3442421c8c9222e69d5e7312682f593188dc9545cf9e8d09b6207d3870a,33,outputs/batches/markets_matched_origins_rolling_recursive_h20/matched_origins/bist100_plan.csv
bist100__mlp__indicators__seed123,bist100,mlp,indicators,123,07b249dffb425b21bcc0ca52a06fb7f70d0a6fa47bc1465918c517200bf06040,33,outputs/batches/markets_matched_origins_rolling_recursive_h20/matched_origins/bist100_plan.csv
bist100__mlp__indicators__seed2026,bist100,mlp,indicators,2026,ce5679c878df0f195b8dc3acf2180bc16df3282d438146031ef40c123d1d168a,33,outputs/batches/markets_matched_origins_rolling_recursive_h20/matched_origins/bist100_plan.csv
bist100__lstm_gru__close__seed1,bist100,lstm_gru,close,1,7d1960ee7cf119e3cdf11a79e4a8714e5359592972d95bd1f4da70ed66961764,33,outputs/batches/markets_matched_origins_rolling_recursive_h20/matched_origins/bist100_plan.csv
bist100__lstm_gru__close__seed7,bist100,lstm_gru,close,7,42bfc3a20a9cff28dcb37ba8820a9c9efafc285a10fe2cbc33340861aee7e39d,33,outputs/batches/markets_matched_origins_rolling_recursive_h20/matched_origins/bist100_plan.csv
bist100__lstm_gru__close__seed42,bist100,lstm_gru,close,42,9f2d7394e7cc3d13ed8b9a76ccb447d283929d85926b863c0461dc47ecdb2ae8,33,outputs/batches/markets_matched_origins_rolling_recursive_h20/matched_origins/bist100_plan.csv
bist100__lstm_gru__close__seed123,bist100,lstm_gru,close,123,4c4222ecfaea5c3bd21b07b4d12821e90930efdc733c893788effd0ebcf598d3,33,outputs/batches/markets_matched_origins_rolling_recursive_h20/matched_origins/bist100_plan.csv
bist100__lstm_gru__close__seed2026,bist100,lstm_gru,close,2026,acdc0338001c6792b8de250c04268c49e9c87ddeb6a59ad0d5167c0ddca5c0f0,33,outputs/batches/markets_matched_origins_rolling_recursive_h20/matched_origins/bist100_plan.csv
bist100__lstm_gru__indicators__seed1,bist100,lstm_gru,indicators,1,1aeb9f4676fbe1637c055c1b25b5573507549b7782be5c82b58f277977e2cb3d,33,outputs/batches/markets_matched_origins_rolling_recursive_h20/matched_origins/bist100_plan.csv
bist100__lstm_gru__indicators__seed7,bist100,lstm_gru,indicators,7,3436d464db37c04d8ad6078b46cfb82fa4c3b9cdc16924cb92434ed7499d9e9d,33,outputs/batches/markets_matched_origins_rolling_recursive_h20/matched_origins/bist100_plan.csv
bist100__lstm_gru__indicators__seed42,bist100,lstm_gru,indicators,42,2e1e92728224c94f194dcca4dff0ddb3bd38d3607b757824c6aaf15b5f4a0212,33,outputs/batches/markets_matched_origins_rolling_recursive_h20/matched_origins/bist100_plan.csv
bist100__lstm_gru__indicators__seed123,bist100,lstm_gru,indicators,123,0711147d0d6248f11ad0b671a5024eb5185fd1f4828d038b775ebb172c84db75,33,outputs/batches/markets_matched_origins_rolling_recursive_h20/matched_origins/bist100_plan.csv
bist100__lstm_gru__indicators__seed2026,bist100,lstm_gru,indicators,2026,f044c8d1033687f715c4d144707faeb31e0876caf72a1f843cad5df8d4d3a5b9,33,outputs/batches/markets_matched_origins_rolling_recursive_h20/matched_origins/bist100_plan.csv
bist100__dnfs__close__seed1,bist100,dnfs,close,1,849cd30540812a7f3418d2c335cf8e4c5e7de87f117fc925b4f151bde5ca0800,33,outputs/batches/markets_matched_origins_rolling_recursive_h20/matched_origins/bist100_plan.csv
bist100__dnfs__close__seed7,bist100,dnfs,close,7,6468be076164b32e288bac59e66197abed2949736599dfe512014d3b931d4d1a,33,outputs/batches/markets_matched_origins_rolling_recursive_h20/matched_origins/bist100_plan.csv
bist100__dnfs__close__seed42,bist100,dnfs,close,42,87da354d933ae4692ba6a8658ddab51e93b7c14a8a3cc37c10be72177d2ee024,33,outputs/batches/markets_matched_origins_rolling_recursive_h20/matched_origins/bist100_plan.csv
bist100__dnfs__close__seed123,bist100,dnfs,close,123,5b7c56e72a5b0bd143746e4a84715ef0ed6fdf11fb8e3b8c0a0e96cfdc0b2c57,33,outputs/batches/markets_matched_origins_rolling_recursive_h20/matched_origins/bist100_plan.csv
bist100__dnfs__close__seed2026,bist100,dnfs,close,2026,1271c70467163a5aa4c9a38bed8d7a37495bd9e9700fa0a84bf072f4b7b02f3a,33,outputs/batches/markets_matched_origins_rolling_recursive_h20/matched_origins/bist100_plan.csv
bist100__dnfs__indicators__seed1,bist100,dnfs,indicators,1,ed67f198da4acc17c9b53220f5ad951b779a95dde40b84293bc524c7887152fb,33,outputs/batches/markets_matched_origins_rolling_recursive_h20/matched_origins/bist100_plan.csv
bist100__dnfs__indicators__seed7,bist100,dnfs,indicators,7,946834c534fa9a6d3a1e71dca9d8d9c0399efb4a747247c575e918f24f8babac,33,outputs/batches/markets_matched_origins_rolling_recursive_h20/matched_origins/bist100_plan.csv
bist100__dnfs__indicators__seed42,bist100,dnfs,indicators,42,561ad9373aac187a1b12da14af39e8951305990f390ac3b627774d76571c7067,33,outputs/batches/markets_matched_origins_rolling_recursive_h20/matched_origins/bist100_plan.csv
bist100__dnfs__indicators__seed123,bist100,dnfs,indicators,123,b17222071ed5f13cd85f9631a2747db852ba0c7a121c0b4ebe4ed7a33e8dd5d8,33,outputs/batches/markets_matched_origins_rolling_recursive_h20/matched_origins/bist100_plan.csv
bist100__dnfs__indicators__seed2026,bist100,dnfs,indicators,2026,457dc831efa6719af2088bee0e00c729dd21a03dc82d07d89a9d6f94ce9c16c9,33,outputs/batches/markets_matched_origins_rolling_recursive_h20/matched_origins/bist100_plan.csv
